{
    "display": {
        "icon": {
            "item": "minecraft:map"
        },
        "title": {"translate":"Adventure"},
        "description": {"translate":"Adventure and exploration"},
        "background": "minecraft:textures/gui/advancements/backgrounds/adventure.png",
        "show_toast": false,
        "announce_to_chat": false
    },
    "rewards": {
        "function": "bc_rewards:adventure/root"
    },		
    "criteria": {
        "killed_something": {
            "trigger": "minecraft:player_killed_entity"
        },
        "killed_by_something": {
            "trigger": "minecraft:entity_killed_player"
        }
    },
    "requirements": [
		[
			"killed_something", 
			"killed_by_something"
		]
	]
}