{
    "display": {
        "icon": {
            "item": "minecraft:bow"
        },
        "title": {"translate":"Take Aim"},
        "description": {"translate":"Shoot something with a bow and arrow"}
    },
    "parent": "blazeandcave:combat/spooky_skeleton",
    "rewards": {
        "function": "bc_rewards:combat/take_aim"
    },		
    "criteria": {
        "shot_arrow": {
            "trigger": "minecraft:player_hurt_entity",
            "conditions": {
                "damage": {
                    "type": {
                        "is_projectile": true,
                        "direct_entity": {
                            "type": "minecraft:arrow"
                        }
                    }
                }
            }
        }
    }
}