{
    "display": {
        "icon": {
            "item": "minecraft:arrow"
        },
        "title": {"translate":"Sniper Duel"},
        "description": {"translate":"Kill a skeleton with an arrow from more than 50 meters"},
        "frame": "challenge"
    },
    "parent": "blazeandcave:combat/bow_spammer",
    "rewards": {
        "experience": 50,
        "function": "bc_rewards:combat/sniper_duel"
    },	
    "criteria": {
        "killed_skeleton": {
            "trigger": "minecraft:player_killed_entity",
            "conditions": {
                "killing_blow": {
                    "is_projectile": true
                },
                "entity": {
                    "type": "skeleton",
                    "distance": {
                        "horizontal": {
                            "min": 50
                        }
                    }
                }
            }
        },
        "killed_stray": {
            "trigger": "minecraft:player_killed_entity",
            "conditions": {
                "killing_blow": {
                    "is_projectile": true
                },
                "entity": {
                    "type": "stray",
                    "distance": {
                        "horizontal": {
                            "min": 50
                        }
                    }
                }
            }
        }	
    },
    "requirements": [
		[
        "killed_skeleton",
        "killed_stray"
		]
    ]
}