{
    "display": {
        "icon": {
            "item": "minecraft:totem_of_undying",
			"nbt": "{Enchantments:[{id:\"minecraft:unbreaking\",lvl:1}]}"
        },
        "title": {"translate":"Postmortal"},
        "description": {"translate":"Use a Totem of Undying to cheat death"},
        "frame": "goal"
    },
    "parent": "blazeandcave:adventure/wololo",
    "rewards": {
        "function": "bc_rewards:adventure/postmortal"
    },	
    "criteria": {
        "used_totem": {
            "trigger": "minecraft:used_totem",
            "conditions": {
                "item": {
                    "item": "minecraft:totem_of_undying"
                }
            }
        }
    }
}