{
    "display": {
        "icon": {
            "item": "minecraft:dragon_breath"
        },
        "title": {"translate":"Very Very Frightening"},
        "description": {"translate":"Strike a Villager with lightning"},
		"frame": "challenge"
    },
    "parent": "blazeandcave:enchanting/zeus",
    "rewards": {
		"experience": 100,	
        "function": "bc_rewards:enchanting/very_very_frightening"
    },
	"criteria": {
		"struck_villager": {
			"trigger": "minecraft:channeled_lightning",
			"conditions": {
				"victims": [
						{
					"type": "minecraft:villager"
					}
				]
			}
		}
	}
}