{
    "display": {
        "icon": {
            "item": "minecraft:enchanted_book",
			"nbt": "{Enchantments:[{id:\"minecraft:unbreaking\",lvl:1}]}"
        },
        "title": {"translate":"Ultimate Enchanter"},
        "description": {"translate":"Obtain every enchantment at every level throughout your enchanting career"},
		"frame": "challenge"
    },
    "parent": "blazeandcave:enchanting/master_enchanter",
    "rewards": {
        "experience": 200,	
		"function": "bc_rewards:enchanting/ultimate_enchanter"
    },			
    "criteria": {
        "protection1": {
            "trigger": "minecraft:inventory_changed",
            "conditions": {
				"items": [
					{
						"enchantments": [
							{
								"enchantment": "minecraft:protection",
								"levels": 1
							}
						]
					}
				]
			}
		},
        "protection2": {
            "trigger": "minecraft:inventory_changed",
            "conditions": {
				"items": [
					{
						"enchantments": [
							{
								"enchantment": "minecraft:protection",
								"levels": 2
							}
						]
					}
				]
			}
		},
        "protection3": {
            "trigger": "minecraft:inventory_changed",
            "conditions": {
				"items": [
					{
						"enchantments": [
							{
								"enchantment": "minecraft:protection",
								"levels": 3
							}
						]
					}
				]
			}
		},		
        "protection4": {
            "trigger": "minecraft:inventory_changed",
            "conditions": {
				"items": [
					{
						"enchantments": [
							{
								"enchantment": "minecraft:protection",
								"levels": 4
							}
						]
					}
				]
			}
		},	
        "fire_protection1": {
            "trigger": "minecraft:inventory_changed",
            "conditions": {
				"items": [
					{
						"enchantments": [
							{
								"enchantment": "minecraft:fire_protection",
								"levels": 1
							}
						]
					}
				]
			}
		},
        "fire_protection2": {
            "trigger": "minecraft:inventory_changed",
            "conditions": {
				"items": [
					{
						"enchantments": [
							{
								"enchantment": "minecraft:fire_protection",
								"levels": 2
							}
						]
					}
				]
			}
		},
        "fire_protection3": {
            "trigger": "minecraft:inventory_changed",
            "conditions": {
				"items": [
					{
						"enchantments": [
							{
								"enchantment": "minecraft:fire_protection",
								"levels": 3
							}
						]
					}
				]
			}
		},		
        "fire_protection4": {
            "trigger": "minecraft:inventory_changed",
            "conditions": {
				"items": [
					{
						"enchantments": [
							{
								"enchantment": "minecraft:fire_protection",
								"levels": 4
							}
						]
					}
				]
			}
		},
        "feather_falling1": {
            "trigger": "minecraft:inventory_changed",
            "conditions": {
				"items": [
					{
						"enchantments": [
							{
								"enchantment": "minecraft:feather_falling",
								"levels": 1
							}
						]
					}
				]
			}
		},	
        "feather_falling2": {
            "trigger": "minecraft:inventory_changed",
            "conditions": {
				"items": [
					{
						"enchantments": [
							{
								"enchantment": "minecraft:feather_falling",
								"levels": 2
							}
						]
					}
				]
			}
		},	
        "feather_falling3": {
            "trigger": "minecraft:inventory_changed",
            "conditions": {
				"items": [
					{
						"enchantments": [
							{
								"enchantment": "minecraft:feather_falling",
								"levels": 3
							}
						]
					}
				]
			}
		},			
        "feather_falling4": {
            "trigger": "minecraft:inventory_changed",
            "conditions": {
				"items": [
					{
						"enchantments": [
							{
								"enchantment": "minecraft:feather_falling",
								"levels": 4
							}
						]
					}
				]
			}
		},	
        "blast_protection1": {
            "trigger": "minecraft:inventory_changed",
            "conditions": {
				"items": [
					{
						"enchantments": [
							{
								"enchantment": "minecraft:blast_protection",
								"levels": 1
							}
						]
					}
				]
			}
		},
        "blast_protection2": {
            "trigger": "minecraft:inventory_changed",
            "conditions": {
				"items": [
					{
						"enchantments": [
							{
								"enchantment": "minecraft:blast_protection",
								"levels": 2
							}
						]
					}
				]
			}
		},
        "blast_protection3": {
            "trigger": "minecraft:inventory_changed",
            "conditions": {
				"items": [
					{
						"enchantments": [
							{
								"enchantment": "minecraft:blast_protection",
								"levels": 3
							}
						]
					}
				]
			}
		},		
        "blast_protection4": {
            "trigger": "minecraft:inventory_changed",
            "conditions": {
				"items": [
					{
						"enchantments": [
							{
								"enchantment": "minecraft:blast_protection",
								"levels": 4
							}
						]
					}
				]
			}
		},
        "projectile_protection1": {
            "trigger": "minecraft:inventory_changed",
            "conditions": {
				"items": [
					{
						"enchantments": [
							{
								"enchantment": "minecraft:projectile_protection",
								"levels": 1
							}
						]
					}
				]
			}
		},
        "projectile_protection2": {
            "trigger": "minecraft:inventory_changed",
            "conditions": {
				"items": [
					{
						"enchantments": [
							{
								"enchantment": "minecraft:projectile_protection",
								"levels": 2
							}
						]
					}
				]
			}
		},
        "projectile_protection3": {
            "trigger": "minecraft:inventory_changed",
            "conditions": {
				"items": [
					{
						"enchantments": [
							{
								"enchantment": "minecraft:projectile_protection",
								"levels": 3
							}
						]
					}
				]
			}
		},		
        "projectile_protection4": {
            "trigger": "minecraft:inventory_changed",
            "conditions": {
				"items": [
					{
						"enchantments": [
							{
								"enchantment": "minecraft:projectile_protection",
								"levels": 4
							}
						]
					}
				]
			}
		},
        "respiration1": {
            "trigger": "minecraft:inventory_changed",
            "conditions": {
				"items": [
					{
						"enchantments": [
							{
								"enchantment": "minecraft:respiration",
								"levels": 1
							}
						]
					}
				]
			}
		},	
        "respiration2": {
            "trigger": "minecraft:inventory_changed",
            "conditions": {
				"items": [
					{
						"enchantments": [
							{
								"enchantment": "minecraft:respiration",
								"levels": 2
							}
						]
					}
				]
			}
		},			
        "respiration3": {
            "trigger": "minecraft:inventory_changed",
            "conditions": {
				"items": [
					{
						"enchantments": [
							{
								"enchantment": "minecraft:respiration",
								"levels": 3
							}
						]
					}
				]
			}
		},		
        "aqua_affinity": {
            "trigger": "minecraft:inventory_changed",
            "conditions": {
				"items": [
					{
						"enchantments": [
							{
								"enchantment": "minecraft:aqua_affinity",
								"levels": 1
							}
						]
					}
				]
			}
		},	
        "thorns1": {
            "trigger": "minecraft:inventory_changed",
            "conditions": {
				"items": [
					{
						"enchantments": [
							{
								"enchantment": "minecraft:thorns",
								"levels": 1
							}
						]
					}
				]
			}
		},	
        "thorns2": {
            "trigger": "minecraft:inventory_changed",
            "conditions": {
				"items": [
					{
						"enchantments": [
							{
								"enchantment": "minecraft:thorns",
								"levels": 2
							}
						]
					}
				]
			}
		},			
        "thorns3": {
            "trigger": "minecraft:inventory_changed",
            "conditions": {
				"items": [
					{
						"enchantments": [
							{
								"enchantment": "minecraft:thorns",
								"levels": 3
							}
						]
					}
				]
			}
		},		
        "depth_strider1": {
            "trigger": "minecraft:inventory_changed",
            "conditions": {
				"items": [
					{
						"enchantments": [
							{
								"enchantment": "minecraft:depth_strider",
								"levels": 1
							}
						]
					}
				]
			}
		},
        "depth_strider2": {
            "trigger": "minecraft:inventory_changed",
            "conditions": {
				"items": [
					{
						"enchantments": [
							{
								"enchantment": "minecraft:depth_strider",
								"levels": 2
							}
						]
					}
				]
			}
		},		
        "depth_strider3": {
            "trigger": "minecraft:inventory_changed",
            "conditions": {
				"items": [
					{
						"enchantments": [
							{
								"enchantment": "minecraft:depth_strider",
								"levels": 3
							}
						]
					}
				]
			}
		},
		"frost_walker1": {
            "trigger": "minecraft:inventory_changed",
            "conditions": {
				"items": [
					{
						"enchantments": [
							{
								"enchantment": "minecraft:frost_walker",
								"levels": 1
							}
						]
					}
				]
			}
		},
        "frost_walker2": {
            "trigger": "minecraft:inventory_changed",
            "conditions": {
				"items": [
					{
						"enchantments": [
							{
								"enchantment": "minecraft:frost_walker",
								"levels": 2
							}
						]
					}
				]
			}
		},
        "binding_curse": {
            "trigger": "minecraft:inventory_changed",
            "conditions": {
				"items": [
					{
						"enchantments": [
							{
								"enchantment": "minecraft:binding_curse",
								"levels": 1
							}
						]
					}
				]
			}
		},
        "sharpness1": {
            "trigger": "minecraft:inventory_changed",
            "conditions": {
				"items": [
					{
						"enchantments": [
							{
								"enchantment": "minecraft:sharpness",
								"levels": 1
							}
						]
					}
				]
			}
		},
        "sharpness2": {
            "trigger": "minecraft:inventory_changed",
            "conditions": {
				"items": [
					{
						"enchantments": [
							{
								"enchantment": "minecraft:sharpness",
								"levels": 2
							}
						]
					}
				]
			}
		},
        "sharpness3": {
            "trigger": "minecraft:inventory_changed",
            "conditions": {
				"items": [
					{
						"enchantments": [
							{
								"enchantment": "minecraft:sharpness",
								"levels": 3
							}
						]
					}
				]
			}
		},
        "sharpness4": {
            "trigger": "minecraft:inventory_changed",
            "conditions": {
				"items": [
					{
						"enchantments": [
							{
								"enchantment": "minecraft:sharpness",
								"levels": 4
							}
						]
					}
				]
			}
		},		
        "sharpness5": {
            "trigger": "minecraft:inventory_changed",
            "conditions": {
				"items": [
					{
						"enchantments": [
							{
								"enchantment": "minecraft:sharpness",
								"levels": 5
							}
						]
					}
				]
			}
		},
        "smite1": {
            "trigger": "minecraft:inventory_changed",
            "conditions": {
				"items": [
					{
						"enchantments": [
							{
								"enchantment": "minecraft:smite",
								"levels": 1
							}
						]
					}
				]
			}
		},
        "smite2": {
            "trigger": "minecraft:inventory_changed",
            "conditions": {
				"items": [
					{
						"enchantments": [
							{
								"enchantment": "minecraft:smite",
								"levels": 2
							}
						]
					}
				]
			}
		},
        "smite3": {
            "trigger": "minecraft:inventory_changed",
            "conditions": {
				"items": [
					{
						"enchantments": [
							{
								"enchantment": "minecraft:smite",
								"levels": 3
							}
						]
					}
				]
			}
		},
        "smite4": {
            "trigger": "minecraft:inventory_changed",
            "conditions": {
				"items": [
					{
						"enchantments": [
							{
								"enchantment": "minecraft:smite",
								"levels": 4
							}
						]
					}
				]
			}
		},		
        "smite5": {
            "trigger": "minecraft:inventory_changed",
            "conditions": {
				"items": [
					{
						"enchantments": [
							{
								"enchantment": "minecraft:smite",
								"levels": 5
							}
						]
					}
				]
			}
		},
        "bane_of_arthropods1": {
            "trigger": "minecraft:inventory_changed",
            "conditions": {
				"items": [
					{
						"enchantments": [
							{
								"enchantment": "minecraft:bane_of_arthropods",
								"levels": 1
							}
						]
					}
				]
			}
		},
        "bane_of_arthropods2": {
            "trigger": "minecraft:inventory_changed",
            "conditions": {
				"items": [
					{
						"enchantments": [
							{
								"enchantment": "minecraft:bane_of_arthropods",
								"levels": 2
							}
						]
					}
				]
			}
		},
        "bane_of_arthropods3": {
            "trigger": "minecraft:inventory_changed",
            "conditions": {
				"items": [
					{
						"enchantments": [
							{
								"enchantment": "minecraft:bane_of_arthropods",
								"levels": 3
							}
						]
					}
				]
			}
		},
        "bane_of_arthropods4": {
            "trigger": "minecraft:inventory_changed",
            "conditions": {
				"items": [
					{
						"enchantments": [
							{
								"enchantment": "minecraft:bane_of_arthropods",
								"levels": 4
							}
						]
					}
				]
			}
		},		
        "bane_of_arthropods5": {
            "trigger": "minecraft:inventory_changed",
            "conditions": {
				"items": [
					{
						"enchantments": [
							{
								"enchantment": "minecraft:bane_of_arthropods",
								"levels": 5
							}
						]
					}
				]
			}
		},
        "knockback1": {
            "trigger": "minecraft:inventory_changed",
            "conditions": {
				"items": [
					{
						"enchantments": [
							{
								"enchantment": "minecraft:knockback",
								"levels": 1
							}
						]
					}
				]
			}
		},		
        "knockback2": {
            "trigger": "minecraft:inventory_changed",
            "conditions": {
				"items": [
					{
						"enchantments": [
							{
								"enchantment": "minecraft:knockback",
								"levels": 2
							}
						]
					}
				]
			}
		},
        "fire_aspect1": {
            "trigger": "minecraft:inventory_changed",
            "conditions": {
				"items": [
					{
						"enchantments": [
							{
								"enchantment": "minecraft:fire_aspect",
								"levels": 1
							}
						]
					}
				]
			}
		},		
        "fire_aspect2": {
            "trigger": "minecraft:inventory_changed",
            "conditions": {
				"items": [
					{
						"enchantments": [
							{
								"enchantment": "minecraft:fire_aspect",
								"levels": 2
							}
						]
					}
				]
			}
		},
        "looting1": {
            "trigger": "minecraft:inventory_changed",
            "conditions": {
				"items": [
					{
						"enchantments": [
							{
								"enchantment": "minecraft:looting",
								"levels": 1
							}
						]
					}
				]
			}
		},
        "looting2": {
            "trigger": "minecraft:inventory_changed",
            "conditions": {
				"items": [
					{
						"enchantments": [
							{
								"enchantment": "minecraft:looting",
								"levels": 2
							}
						]
					}
				]
			}
		},
        "looting3": {
            "trigger": "minecraft:inventory_changed",
            "conditions": {
				"items": [
					{
						"enchantments": [
							{
								"enchantment": "minecraft:looting",
								"levels": 3
							}
						]
					}
				]
			}
		},
        "sweeping1": {
            "trigger": "minecraft:inventory_changed",
            "conditions": {
				"items": [
					{
						"enchantments": [
							{
								"enchantment": "minecraft:sweeping",
								"levels": 1
							}
						]
					}
				]
			}
		},
        "sweeping2": {
            "trigger": "minecraft:inventory_changed",
            "conditions": {
				"items": [
					{
						"enchantments": [
							{
								"enchantment": "minecraft:sweeping",
								"levels": 2
							}
						]
					}
				]
			}
		},		
        "sweeping3": {
            "trigger": "minecraft:inventory_changed",
            "conditions": {
				"items": [
					{
						"enchantments": [
							{
								"enchantment": "minecraft:sweeping",
								"levels": 3
							}
						]
					}
				]
			}
		},
        "efficiency1": {
            "trigger": "minecraft:inventory_changed",
            "conditions": {
				"items": [
					{
						"enchantments": [
							{
								"enchantment": "minecraft:efficiency",
								"levels": 1
							}
						]
					}
				]
			}
		},
        "efficiency2": {
            "trigger": "minecraft:inventory_changed",
            "conditions": {
				"items": [
					{
						"enchantments": [
							{
								"enchantment": "minecraft:efficiency",
								"levels": 2
							}
						]
					}
				]
			}
		},
        "efficiency3": {
            "trigger": "minecraft:inventory_changed",
            "conditions": {
				"items": [
					{
						"enchantments": [
							{
								"enchantment": "minecraft:efficiency",
								"levels": 3
							}
						]
					}
				]
			}
		},
        "efficiency4": {
            "trigger": "minecraft:inventory_changed",
            "conditions": {
				"items": [
					{
						"enchantments": [
							{
								"enchantment": "minecraft:efficiency",
								"levels": 4
							}
						]
					}
				]
			}
		},		
        "efficiency5": {
            "trigger": "minecraft:inventory_changed",
            "conditions": {
				"items": [
					{
						"enchantments": [
							{
								"enchantment": "minecraft:efficiency",
								"levels": 5
							}
						]
					}
				]
			}
		},
        "silk_touch": {
            "trigger": "minecraft:inventory_changed",
            "conditions": {
				"items": [
					{
						"enchantments": [
							{
								"enchantment": "minecraft:silk_touch",
								"levels": 1
							}
						]
					}
				]
			}
		},
        "unbreaking1": {
            "trigger": "minecraft:inventory_changed",
            "conditions": {
				"items": [
					{
						"enchantments": [
							{
								"enchantment": "minecraft:unbreaking",
								"levels": 1
							}
						]
					}
				]
			}
		},
        "unbreaking2": {
            "trigger": "minecraft:inventory_changed",
            "conditions": {
				"items": [
					{
						"enchantments": [
							{
								"enchantment": "minecraft:unbreaking",
								"levels": 2
							}
						]
					}
				]
			}
		},		
        "unbreaking3": {
            "trigger": "minecraft:inventory_changed",
            "conditions": {
				"items": [
					{
						"enchantments": [
							{
								"enchantment": "minecraft:unbreaking",
								"levels": 3
							}
						]
					}
				]
			}
		},
        "fortune1": {
            "trigger": "minecraft:inventory_changed",
            "conditions": {
				"items": [
					{
						"enchantments": [
							{
								"enchantment": "minecraft:fortune",
								"levels": 1
							}
						]
					}
				]
			}
		},
        "fortune2": {
            "trigger": "minecraft:inventory_changed",
            "conditions": {
				"items": [
					{
						"enchantments": [
							{
								"enchantment": "minecraft:fortune",
								"levels": 2
							}
						]
					}
				]
			}
		},		
        "fortune3": {
            "trigger": "minecraft:inventory_changed",
            "conditions": {
				"items": [
					{
						"enchantments": [
							{
								"enchantment": "minecraft:fortune",
								"levels": 3
							}
						]
					}
				]
			}
		},
        "power1": {
            "trigger": "minecraft:inventory_changed",
            "conditions": {
				"items": [
					{
						"enchantments": [
							{
								"enchantment": "minecraft:power",
								"levels": 1
							}
						]
					}
				]
			}
		},
        "power2": {
            "trigger": "minecraft:inventory_changed",
            "conditions": {
				"items": [
					{
						"enchantments": [
							{
								"enchantment": "minecraft:power",
								"levels": 2
							}
						]
					}
				]
			}
		},
        "power3": {
            "trigger": "minecraft:inventory_changed",
            "conditions": {
				"items": [
					{
						"enchantments": [
							{
								"enchantment": "minecraft:power",
								"levels": 3
							}
						]
					}
				]
			}
		},
        "power4": {
            "trigger": "minecraft:inventory_changed",
            "conditions": {
				"items": [
					{
						"enchantments": [
							{
								"enchantment": "minecraft:power",
								"levels": 4
							}
						]
					}
				]
			}
		},
        "power5": {
            "trigger": "minecraft:inventory_changed",
            "conditions": {
				"items": [
					{
						"enchantments": [
							{
								"enchantment": "minecraft:power",
								"levels": 5
							}
						]
					}
				]
			}
		},		
        "punch1": {
            "trigger": "minecraft:inventory_changed",
            "conditions": {
				"items": [
					{
						"enchantments": [
							{
								"enchantment": "minecraft:punch",
								"levels": 1
							}
						]
					}
				]
			}
		},
        "punch2": {
            "trigger": "minecraft:inventory_changed",
            "conditions": {
				"items": [
					{
						"enchantments": [
							{
								"enchantment": "minecraft:punch",
								"levels": 2
							}
						]
					}
				]
			}
		},		
        "flame": {
            "trigger": "minecraft:inventory_changed",
            "conditions": {
				"items": [
					{
						"enchantments": [
							{
								"enchantment": "minecraft:flame",
								"levels": 1
							}
						]
					}
				]
			}
		},
        "infinity": {
            "trigger": "minecraft:inventory_changed",
            "conditions": {
				"items": [
					{
						"enchantments": [
							{
								"enchantment": "minecraft:infinity",
								"levels": 1
							}
						]
					}
				]
			}
		},
        "luck_of_the_sea1": {
            "trigger": "minecraft:inventory_changed",
            "conditions": {
				"items": [
					{
						"enchantments": [
							{
								"enchantment": "minecraft:luck_of_the_sea",
								"levels": 1
							}
						]
					}
				]
			}
		},
        "luck_of_the_sea2": {
            "trigger": "minecraft:inventory_changed",
            "conditions": {
				"items": [
					{
						"enchantments": [
							{
								"enchantment": "minecraft:luck_of_the_sea",
								"levels": 2
							}
						]
					}
				]
			}
		},		
        "luck_of_the_sea3": {
            "trigger": "minecraft:inventory_changed",
            "conditions": {
				"items": [
					{
						"enchantments": [
							{
								"enchantment": "minecraft:luck_of_the_sea",
								"levels": 3
							}
						]
					}
				]
			}
		},
        "lure1": {
            "trigger": "minecraft:inventory_changed",
            "conditions": {
				"items": [
					{
						"enchantments": [
							{
								"enchantment": "minecraft:lure",
								"levels": 1
							}
						]
					}
				]
			}
		},
        "lure2": {
            "trigger": "minecraft:inventory_changed",
            "conditions": {
				"items": [
					{
						"enchantments": [
							{
								"enchantment": "minecraft:lure",
								"levels": 2
							}
						]
					}
				]
			}
		},		
        "lure3": {
            "trigger": "minecraft:inventory_changed",
            "conditions": {
				"items": [
					{
						"enchantments": [
							{
								"enchantment": "minecraft:lure",
								"levels": 3
							}
						]
					}
				]
			}
		},
        "mending": {
            "trigger": "minecraft:inventory_changed",
            "conditions": {
				"items": [
					{
						"enchantments": [
							{
								"enchantment": "minecraft:mending",
								"levels": 1
							}
						]
					}
				]
			}
		},
        "vanishing_curse": {
            "trigger": "minecraft:inventory_changed",
            "conditions": {
				"items": [
					{
						"enchantments": [
							{
								"enchantment": "minecraft:vanishing_curse",
								"levels": 1
							}
						]
					}
				]
			}
		},
        "loyalty1": {
            "trigger": "minecraft:inventory_changed",
            "conditions": {
				"items": [
					{
						"enchantments": [
							{
								"enchantment": "minecraft:loyalty",
								"levels": 1
							}
						]
					}
				]
			}
		},
        "loyalty2": {
            "trigger": "minecraft:inventory_changed",
            "conditions": {
				"items": [
					{
						"enchantments": [
							{
								"enchantment": "minecraft:loyalty",
								"levels": 2
							}
						]
					}
				]
			}
		},		
        "loyalty3": {
            "trigger": "minecraft:inventory_changed",
            "conditions": {
				"items": [
					{
						"enchantments": [
							{
								"enchantment": "minecraft:loyalty",
								"levels": 3
							}
						]
					}
				]
			}
		},
        "riptide1": {
            "trigger": "minecraft:inventory_changed",
            "conditions": {
				"items": [
					{
						"enchantments": [
							{
								"enchantment": "minecraft:riptide",
								"levels": 1
							}
						]
					}
				]
			}
		},
        "riptide2": {
            "trigger": "minecraft:inventory_changed",
            "conditions": {
				"items": [
					{
						"enchantments": [
							{
								"enchantment": "minecraft:riptide",
								"levels": 2
							}
						]
					}
				]
			}
		},		
        "riptide3": {
            "trigger": "minecraft:inventory_changed",
            "conditions": {
				"items": [
					{
						"enchantments": [
							{
								"enchantment": "minecraft:riptide",
								"levels": 3
							}
						]
					}
				]
			}
		},
        "impaling1": {
            "trigger": "minecraft:inventory_changed",
            "conditions": {
				"items": [
					{
						"enchantments": [
							{
								"enchantment": "minecraft:impaling",
								"levels": 1
							}
						]
					}
				]
			}
		},
        "impaling2": {
            "trigger": "minecraft:inventory_changed",
            "conditions": {
				"items": [
					{
						"enchantments": [
							{
								"enchantment": "minecraft:impaling",
								"levels": 2
							}
						]
					}
				]
			}
		},
        "impaling3": {
            "trigger": "minecraft:inventory_changed",
            "conditions": {
				"items": [
					{
						"enchantments": [
							{
								"enchantment": "minecraft:impaling",
								"levels": 3
							}
						]
					}
				]
			}
		},
        "impaling4": {
            "trigger": "minecraft:inventory_changed",
            "conditions": {
				"items": [
					{
						"enchantments": [
							{
								"enchantment": "minecraft:impaling",
								"levels": 4
							}
						]
					}
				]
			}
		},		
        "impaling5": {
            "trigger": "minecraft:inventory_changed",
            "conditions": {
				"items": [
					{
						"enchantments": [
							{
								"enchantment": "minecraft:impaling",
								"levels": 5
							}
						]
					}
				]
			}
		},
        "channeling": {
            "trigger": "minecraft:inventory_changed",
            "conditions": {
				"items": [
					{
						"enchantments": [
							{
								"enchantment": "minecraft:channeling",
								"levels": 1
							}
						]
					}
				]
			}
		}		
    }
}