{
    "display": {
        "icon": {
            "item": "minecraft:stone_brick_stairs"
        },
        "title": {"translate":"Ah, My Old Enemy..."},
        "description": {"translate":"Craft every type of stairs"},
		"frame": "goal"
    },
    "parent": "blazeandcave:building/slabs_for_days",
    "rewards": {
        "function": "bc_rewards:building/ah_my_old_enemy"
    },		
    "criteria": {
        "sandstone_stairs": {
            "trigger": "minecraft:inventory_changed",
            "conditions": {
                "items": [
                    {
                        "item": "minecraft:sandstone_stairs"
                    }
                ]
            }
        },
		"cobblestone_stairs": {
            "trigger": "minecraft:inventory_changed",
            "conditions": {
                "items": [
                    {
                        "item": "minecraft:cobblestone_stairs"
                    }
                ]
            }
        },
        "brick_stairs": {
            "trigger": "minecraft:inventory_changed",
            "conditions": {
                "items": [
                    {
                        "item": "minecraft:brick_stairs"
                    }
                ]
            }
        },
        "stone_brick_stairs": {
            "trigger": "minecraft:inventory_changed",
            "conditions": {
                "items": [
                    {
                        "item": "minecraft:stone_brick_stairs"
                    }
                ]
            }
        },
        "nether_brick_stairs": {
            "trigger": "minecraft:inventory_changed",
            "conditions": {
                "items": [
                    {
                        "item": "minecraft:nether_brick_stairs"
                    }
                ]
            }
        },
        "quartz_stairs": {
            "trigger": "minecraft:inventory_changed",
            "conditions": {
                "items": [
                    {
                        "item": "minecraft:quartz_stairs"
                    }
                ]
            }
        },
        "oak_stairs": {
            "trigger": "minecraft:inventory_changed",
            "conditions": {
                "items": [
                    {
                        "item": "minecraft:oak_stairs"
                    }
                ]
            }
        },
        "spruce_stairs": {
            "trigger": "minecraft:inventory_changed",
            "conditions": {
                "items": [
                    {
                        "item": "minecraft:spruce_stairs"
                    }
                ]
            }
        },
        "birch_stairs": {
            "trigger": "minecraft:inventory_changed",
            "conditions": {
                "items": [
                    {
                        "item": "minecraft:birch_stairs"
                    }
                ]
            }
        },
        "jungle_stairs": {
            "trigger": "minecraft:inventory_changed",
            "conditions": {
                "items": [
                    {
                        "item": "minecraft:jungle_stairs"
                    }
                ]
            }
        },
        "acacia_stairs": {
            "trigger": "minecraft:inventory_changed",
            "conditions": {
                "items": [
                    {
                        "item": "minecraft:acacia_stairs"
                    }
                ]
            }
        },
        "dark_oak_stairs": {
            "trigger": "minecraft:inventory_changed",
            "conditions": {
                "items": [
                    {
                        "item": "minecraft:dark_oak_stairs"
                    }
                ]
            }
        },
        "red_sandstone_stairs": {
            "trigger": "minecraft:inventory_changed",
            "conditions": {
                "items": [
                    {
                        "item": "minecraft:red_sandstone_stairs"
                    }
                ]
            }
        },
        "purpur_stairs": {
            "trigger": "minecraft:inventory_changed",
            "conditions": {
                "items": [
                    {
                        "item": "minecraft:purpur_stairs"
                    }
                ]
            }
        },
        "prismarine_stairs": {
            "trigger": "minecraft:inventory_changed",
            "conditions": {
                "items": [
                    {
                        "item": "minecraft:prismarine_stairs"
                    }
                ]
            }
        },
        "prismarine_bricks_stairs": {
            "trigger": "minecraft:inventory_changed",
            "conditions": {
                "items": [
                    {
                        "item": "minecraft:prismarine_brick_stairs"
                    }
                ]
            }
        },
        "dark_prismarine_stairs": {
            "trigger": "minecraft:inventory_changed",
            "conditions": {
                "items": [
                    {
                        "item": "minecraft:dark_prismarine_stairs"
                    }
                ]
            }
        }
	}		
}