{
    "display": {
        "icon": {
            "item": "minecraft:item_frame"
        },
        "title": {"translate":"Display your items for all to see..."},
        "description": {"translate":"Craft an item frame for displaying your items"}
    },
    "parent": "blazeandcave:building/its_a_sign",
	"rewards": {
		"function": "bc_rewards:building/display_your_items_for_all_to_see"
    },		
    "criteria": {
        "item_frame": {
            "trigger": "minecraft:inventory_changed",
            "conditions": {
                "items": [
                    {
                        "item": "minecraft:item_frame"
                    }
                ]
            }
        }
    }
}