{
    "display": {
        "icon": {
            "item": "minecraft:glowstone"
        },
        "title": {"translate":"Glowing!"},
        "description": {"translate":"Light up the area with glowstone"}
    },
    "parent": "blazeandcave:building/torched",
	"rewards": {
		"function": "bc_rewards:building/glowing"
    },		
    "criteria": {
        "glowstone": {
            "trigger": "minecraft:placed_block",
            "conditions": {
                "block": "minecraft:glowstone"
            }
        }
    }
}