{
    "display": {
        "icon": {
            "item": "minecraft:chiseled_quartz_block"
        },
        "title": {"translate":"Greek Art Decor"},
        "description": {"translate":"Craft quartz blocks, stairs, slabs, pillars and chiseled"}
    },
    "parent": "blazeandcave:building/fake_fortress",
    "rewards": {
        "function": "bc_rewards:building/greek_art_decor"
    },		
    "criteria": {
        "quartz_block": {
            "trigger": "minecraft:inventory_changed",
            "conditions": {
                "items": [
                    {
                        "item": "minecraft:quartz_block"
                    }
                ]
            }
        },
        "quartz_chiseled": {
            "trigger": "minecraft:inventory_changed",
            "conditions": {
                "items": [
                    {
                        "item": "minecraft:chiseled_quartz_block"
                    }
                ]
            }
        },
		"quartz_pillar": {
            "trigger": "minecraft:inventory_changed",
            "conditions": {
                "items": [
                    {
                        "item": "minecraft:quartz_pillar"
                    }
                ]
            }
        },
        "quartz_stairs": {
            "trigger": "minecraft:inventory_changed",
            "conditions": {
                "items": [
                    {
                        "item": "minecraft:quartz_stairs"
                    }
                ]
            }
        },
		"quartz_slab": {
            "trigger": "minecraft:inventory_changed",
            "conditions": {
                "items": [
                    {
                        "item": "minecraft:quartz_slab"
                    }
                ]
            }
        }
	}		
}