{
    "display": {
        "icon": {
            "item": "minecraft:cyan_banner"
        },
        "title": {"translate":"Raise the flag!"},
        "description": {"translate":"Craft and place a banner"}
    },
    "parent": "blazeandcave:building/display_your_items_for_all_to_see",
	"rewards": {
		"function": "bc_rewards:building/raise_the_flag"
    },		
    "criteria": {
        "white_banner": {
            "trigger": "minecraft:inventory_changed",
            "conditions": {
                "items": [
                    {
                        "item": "minecraft:white_banner"
                    }
                ]
            }
        },
        "orange_banner": {
            "trigger": "minecraft:inventory_changed",
            "conditions": {
                "items": [
                    {
                        "item": "minecraft:orange_banner"
                    }
                ]
            }
        },
        "magenta_banner": {
            "trigger": "minecraft:inventory_changed",
            "conditions": {
                "items": [
                    {
                        "item": "minecraft:magenta_banner"
                    }
                ]
            }
        },
        "light_blue_banner": {
            "trigger": "minecraft:inventory_changed",
            "conditions": {
                "items": [
                    {
                        "item": "minecraft:light_blue_banner"
                    }
                ]
            }
        },
        "yellow_banner": {
            "trigger": "minecraft:inventory_changed",
            "conditions": {
                "items": [
                    {
                        "item": "minecraft:yellow_banner"
                    }
                ]
            }
        },
        "lime_banner": {
            "trigger": "minecraft:inventory_changed",
            "conditions": {
                "items": [
                    {
                        "item": "minecraft:lime_banner"
                    }
                ]
            }
        },
        "pink_banner": {
            "trigger": "minecraft:inventory_changed",
            "conditions": {
                "items": [
                    {
                        "item": "minecraft:pink_banner"
                    }
                ]
            }
        },
        "gray_banner": {
            "trigger": "minecraft:inventory_changed",
            "conditions": {
                "items": [
                    {
                        "item": "minecraft:gray_banner"
                    }
                ]
            }
        },
        "light_gray_banner": {
            "trigger": "minecraft:inventory_changed",
            "conditions": {
                "items": [
                    {
                        "item": "minecraft:light_gray_banner"
                    }
                ]
            }
        },
        "cyan_banner": {
            "trigger": "minecraft:inventory_changed",
            "conditions": {
                "items": [
                    {
                        "item": "minecraft:cyan_banner"
                    }
                ]
            }
        },
        "purple_banner": {
            "trigger": "minecraft:inventory_changed",
            "conditions": {
                "items": [
                    {
                        "item": "minecraft:purple_banner"
                    }
                ]
            }
        },
        "blue_banner": {
            "trigger": "minecraft:inventory_changed",
            "conditions": {
                "items": [
                    {
                        "item": "minecraft:blue_banner"
                    }
                ]
            }
        },
        "brown_banner": {
            "trigger": "minecraft:inventory_changed",
            "conditions": {
                "items": [
                    {
                        "item": "minecraft:brown_banner"
                    }
                ]
            }
        },
        "green_banner": {
            "trigger": "minecraft:inventory_changed",
            "conditions": {
                "items": [
                    {
                        "item": "minecraft:green_banner"
                    }
                ]
            }
        },
        "red_banner": {
            "trigger": "minecraft:inventory_changed",
            "conditions": {
                "items": [
                    {
                        "item": "minecraft:red_banner"
                    }
                ]
            }
        },
        "black_banner": {
            "trigger": "minecraft:inventory_changed",
            "conditions": {
                "items": [
                    {
                        "item": "minecraft:black_banner"
                    }
                ]
            }
        }
    },
    "requirements": [
		[
        "white_banner",
        "orange_banner",
        "magenta_banner",
        "light_blue_banner",
        "yellow_banner",
        "lime_banner",
        "pink_banner",
        "gray_banner",
        "light_gray_banner",
        "cyan_banner",
        "purple_banner",
        "blue_banner",
        "brown_banner",
        "green_banner",
        "red_banner",
        "black_banner"
		]
	]
}