{
    "display": {
        "icon": {
            "item": "minecraft:acacia_sapling"
        },
        "title": {"translate":"The Acacia King"},
        "description": {"translate":"Craft every item made out of acacia wood"},
		"frame": "goal"
    },
    "parent": "blazeandcave:building/the_jungler",
    "rewards": {
		"function": "bc_rewards:building/the_acacia_king"
    },		
    "criteria": {
        "acacia_planks": {
            "trigger": "minecraft:inventory_changed",
            "conditions": {
                "items": [
                    {
                        "item": "minecraft:acacia_planks"
                    }
                ]
            }
        },
        "acacia_log": {
            "trigger": "minecraft:inventory_changed",
            "conditions": {
                "items": [
                    {
                        "item": "minecraft:acacia_log"
                    }
                ]
            }
        },
        "acacia_wood": {
            "trigger": "minecraft:inventory_changed",
            "conditions": {
                "items": [
                    {
                        "item": "minecraft:acacia_wood"
                    }
                ]
            }
        },
        "stripped_acacia_log": {
            "trigger": "minecraft:inventory_changed",
            "conditions": {
                "items": [
                    {
                        "item": "minecraft:stripped_acacia_log"
                    }
                ]
            }
        },
        "stripped_acacia_wood": {
            "trigger": "minecraft:inventory_changed",
            "conditions": {
                "items": [
                    {
                        "item": "minecraft:stripped_acacia_wood"
                    }
                ]
            }
        },
        "acacia_slab": {
            "trigger": "minecraft:inventory_changed",
            "conditions": {
                "items": [
                    {
                        "item": "minecraft:acacia_slab"
                    }
                ]
            }
        },
        "acacia_pressure_plate": {
            "trigger": "minecraft:inventory_changed",
            "conditions": {
                "items": [
                    {
                        "item": "minecraft:acacia_pressure_plate"
                    }
                ]
            }
        },
        "acacia_fence": {
            "trigger": "minecraft:inventory_changed",
            "conditions": {
                "items": [
                    {
                        "item": "minecraft:acacia_fence"
                    }
                ]
            }
        },
        "acacia_trapdoor": {
            "trigger": "minecraft:inventory_changed",
            "conditions": {
                "items": [
                    {
                        "item": "minecraft:acacia_trapdoor"
                    }
                ]
            }
        },
        "acacia_fence_gate": {
            "trigger": "minecraft:inventory_changed",
            "conditions": {
                "items": [
                    {
                        "item": "minecraft:acacia_fence_gate"
                    }
                ]
            }
        },
        "acacia_stairs": {
            "trigger": "minecraft:inventory_changed",
            "conditions": {
                "items": [
                    {
                        "item": "minecraft:acacia_stairs"
                    }
                ]
            }
        },
        "acacia_button": {
            "trigger": "minecraft:inventory_changed",
            "conditions": {
                "items": [
                    {
                        "item": "minecraft:acacia_button"
                    }
                ]
            }
        },
        "acacia_door": {
            "trigger": "minecraft:inventory_changed",
            "conditions": {
                "items": [
                    {
                        "item": "minecraft:acacia_door"
                    }
                ]
            }
        },
        "acacia_boat": {
            "trigger": "minecraft:inventory_changed",
            "conditions": {
                "items": [
                    {
                        "item": "minecraft:acacia_boat"
                    }
                ]
            }
        }
    }
}