{
    "display": {
        "icon": {
            "item": "minecraft:anvil"
        },
        "title": {"translate":"Businessman"},
        "description": {"translate":"Trade with every type of villager career"},
		"frame": "goal"
    },
    "parent": "blazeandcave:adventure/travelling_merchant",
    "rewards": {
        "function": "bc_rewards:adventure/businessman"
    },		
    "criteria": {
        "farmer": {
            "trigger": "minecraft:villager_trade",
			"conditions": {
				"villager": {
					"nbt": "{Profession:0,Career:1}"
				}
			}
        },
        "fisherman": {
            "trigger": "minecraft:villager_trade",
			"conditions": {
				"villager": {
					"nbt": "{Profession:0,Career:2}"
				}
			}
        },
        "shepherd": {
            "trigger": "minecraft:villager_trade",
			"conditions": {
				"villager": {
					"nbt": "{Profession:0,Career:3}"
				}
			}
        },
        "fletcher": {
            "trigger": "minecraft:villager_trade",
			"conditions": {
				"villager": {
					"nbt": "{Profession:0,Career:4}"
				}
			}
        },
        "librarian": {
            "trigger": "minecraft:villager_trade",
			"conditions": {
				"villager": {
					"nbt": "{Profession:1,Career:1}"
				}
			}
        },
        "cartographer": {
            "trigger": "minecraft:villager_trade",
			"conditions": {
				"villager": {
					"nbt": "{Profession:1,Career:2}"
				}
			}
        },
        "priest": {
            "trigger": "minecraft:villager_trade",
			"conditions": {
				"villager": {
					"nbt": "{Profession:2,Career:1}"
				}
			}
        },
        "armorer": {
            "trigger": "minecraft:villager_trade",
			"conditions": {
				"villager": {
					"nbt": "{Profession:3,Career:1}"
				}
			}
        },
        "weapon_smith": {
            "trigger": "minecraft:villager_trade",
			"conditions": {
				"villager": {
					"nbt": "{Profession:3,Career:2}"
				}
			}
        },
        "tool_smith": {
            "trigger": "minecraft:villager_trade",
			"conditions": {
				"villager": {
					"nbt": "{Profession:3,Career:3}"
				}
			}
        },
        "butcher": {
            "trigger": "minecraft:villager_trade",
			"conditions": {
				"villager": {
					"nbt": "{Profession:4,Career:1}"
				}
			}
        },
        "leatherworker": {
            "trigger": "minecraft:villager_trade",
			"conditions": {
				"villager": {
					"nbt": "{Profession:4,Career:2}"
				}
			}
        }		
    }
}