{
    "display": {
        "icon": {
            "item": "minecraft:spruce_sapling"
        },
        "title": {"translate":"Cold Feet"},
        "description": {"translate":"Discover every cold biome"},
        "frame": "goal"
    },
    "parent": "blazeandcave:adventure/one_with_the_forest",	
    "rewards": {
        "experience": 100,
		"function": "bc_rewards:adventure/cold_feet"
    },	
    "criteria": {
        "redwood_taiga_hills": {
            "trigger": "minecraft:location",
            "conditions": {
                "biome": "minecraft:giant_tree_taiga_hills"
            }
        },
        "taiga_hills": {
            "trigger": "minecraft:location",
            "conditions": {
                "biome": "minecraft:taiga_hills"
            }
        },
        "redwood_taiga": {
            "trigger": "minecraft:location",
            "conditions": {
                "biome": "minecraft:giant_tree_taiga"
            }
        },
        "taiga": {
            "trigger": "minecraft:location",
            "conditions": {
                "biome": "minecraft:taiga"
            }
        },
        "extreme_hills": {
            "trigger": "minecraft:location",
            "conditions": {
                "biome": "minecraft:mountains"
            }
        },
        "extreme_hills_with_trees": {
            "trigger": "minecraft:location",
            "conditions": {
                "biome": "minecraft:wooded_mountains"
            }
        }		
    }
}