{
    "display": {
        "icon": {
            "item": "minecraft:oak_planks"
        },
        "title": {"translate":"Do You Want to Trade?"},
        "description": {"translate":"Find an NPC village"}
    },
    "parent": "minecraft:adventure/root",
    "rewards": {
        "function": "bc_rewards:adventure/do_you_want_to_trade"
    },		
    "criteria": {
        "village": {
            "trigger": "minecraft:location",
            "conditions": {
                "feature": "Village"
            }
        }
    }
}