{
    "display": {
        "icon": {
            "item": "minecraft:allium"
        },
        "title": {"translate":"Enchanted Forest"},
        "description": {"translate":"Find a flower forest"}
    },
    "parent": "blazeandcave:adventure/theres_a_zombie_on_the_lawn",	
    "rewards": {
		"function": "bc_rewards:adventure/enchanted_forest"
    },	
    "criteria": {
        "flower_forest": {
            "trigger": "minecraft:location",
            "conditions": {
                "biome": "minecraft:flower_forest"
            }
        }
    }
}