{
    "display": {
        "icon": {
            "item": "minecraft:poppy"
        },
        "title": {"translate":"Flower Power"},
        "description": {"translate":"Collect all types of flowers"},
        "frame": "challenge"
    },
    "parent": "blazeandcave:adventure/enchanted_forest",
    "rewards": {
        "experience": 50,
		"function": "bc_rewards:adventure/flower_power"
    },		
    "criteria": {
        "dandelion": {
            "trigger": "minecraft:inventory_changed",
            "conditions": {
                "items": [
                    {
                        "item": "minecraft:dandelion"
                    }
                ]
            }
        },
        "poppy": {
            "trigger": "minecraft:inventory_changed",
            "conditions": {
                "items": [
                    {
                        "item": "minecraft:poppy"
                    }
                ]
            }
        },
        "blue_orchid": {
            "trigger": "minecraft:inventory_changed",
            "conditions": {
                "items": [
                    {
                        "item": "minecraft:blue_orchid"
                    }
                ]
            }
        },
        "allium": {
            "trigger": "minecraft:inventory_changed",
            "conditions": {
                "items": [
                    {
                        "item": "minecraft:allium"
                    }
                ]
            }
        },
        "azure_bluet": {
            "trigger": "minecraft:inventory_changed",
            "conditions": {
                "items": [
                    {
                        "item": "minecraft:azure_bluet"
                    }
                ]
            }
        },
        "red_tulip": {
            "trigger": "minecraft:inventory_changed",
            "conditions": {
                "items": [
                    {
                        "item": "minecraft:red_tulip"
                    }
                ]
            }
        },
        "orange_tulip": {
            "trigger": "minecraft:inventory_changed",
            "conditions": {
                "items": [
                    {
                        "item": "minecraft:orange_tulip"
                    }
                ]
            }
        },
        "white_tulip": {
            "trigger": "minecraft:inventory_changed",
            "conditions": {
                "items": [
                    {
                        "item": "minecraft:white_tulip"
                    }
                ]
            }
        },
        "pink_tulip": {
            "trigger": "minecraft:inventory_changed",
            "conditions": {
                "items": [
                    {
                        "item": "minecraft:pink_tulip"
                    }
                ]
            }
        },
        "oxeye_daisy": {
            "trigger": "minecraft:inventory_changed",
            "conditions": {
                "items": [
                    {
                        "item": "minecraft:oxeye_daisy"
                    }
                ]
            }
        },
        "sunflower": {
            "trigger": "minecraft:inventory_changed",
            "conditions": {
                "items": [
                    {
                        "item": "minecraft:sunflower"
                    }
                ]
            }
        },
        "lilac": {
            "trigger": "minecraft:inventory_changed",
            "conditions": {
                "items": [
                    {
                        "item": "minecraft:lilac"
                    }
                ]
            }
        },
        "rose_bush": {
            "trigger": "minecraft:inventory_changed",
            "conditions": {
                "items": [
                    {
                        "item": "minecraft:rose_bush"
                    }
                ]
            }
        },
        "peony": {
            "trigger": "minecraft:inventory_changed",
            "conditions": {
                "items": [
                    {
                        "item": "minecraft:peony"
                    }
                ]
            }
        }
    }
}