{
    "display": {
        "icon": {
            "item": "minecraft:spruce_fence"
        },
        "title": {"translate":"Get Ship-rekt!"},
        "description": {"translate":"Come across a sunken ship"}
    },
    "parent": "blazeandcave:adventure/atlantis",
    "rewards": {
        "function": "bc_rewards:adventure/get_ship_rekt"
    },		
    "criteria": {
        "shipwreck": {
            "trigger": "minecraft:location",
            "conditions": {
                "feature": "Shipwreck"
            }
        }
    }
}