{
    "display": {
        "icon": {
            "item": "minecraft:chiseled_sandstone"
        },
        "title": {"translate":"Grave Robber"},
        "description": {"translate":"Enter a pyramid in a desert"}
    },
    "parent": "blazeandcave:adventure/kilometre_walk",
    "rewards": {
        "function": "bc_rewards:adventure/grave_robber"
    },		
    "criteria": {
        "desert_pyramid": {
            "trigger": "minecraft:location",
            "conditions": {
                "feature": "Desert_Pyramid"
            }
        }		
    }
}