{
    "display": {
        "icon": {
            "item": "minecraft:sea_pickle"
        },
        "title": {"translate":"In a Pickle"},
        "description": {"translate":"Collect some sea pickles from a coral reef"}
    },
    "parent": "blazeandcave:adventure/the_great_blocky_reef",
    "rewards": {
        "function": "bc_rewards:adventure/in_a_pickle"
    },		
    "criteria": {
        "sea_pickle": {
            "trigger": "minecraft:inventory_changed",
            "conditions": {
                "items": [
                    {
                        "item": "minecraft:sea_pickle"
                    }
                ]
            }
        }
	}		
}