{
    "display": {
        "icon": {
            "item": "minecraft:water_bucket"
        },
        "title": {"translate":"Just Keep Swimming"},
        "description": {"translate":"Go for a swim"}
    },
    "parent": "minecraft:adventure/root",
	"rewards": {
		"function": "bc_rewards:building/just_keep_swimming"
    },
    "criteria": {
        "enter_water": {
            "trigger": "minecraft:enter_block",
            "conditions": {
                "block": "minecraft:water"
            }
        }
    }
}