{
    "display": {
        "icon": {
            "item": "minecraft:oak_sapling"
        },
        "title": {"translate":"One with the forest"},
        "description": {"translate":"Discover every forest biome"},
        "frame": "goal"
    },
    "parent": "blazeandcave:adventure/kilometre_walk",	
    "rewards": {
        "experience": 100,
		"function": "bc_rewards:adventure/one_with_the_forest"
    },	
    "criteria": {
        "birch_forest_hills": {
            "trigger": "minecraft:location",
            "conditions": {
                "biome": "minecraft:birch_forest_hills"
            }
        },
        "forest_hills": {
            "trigger": "minecraft:location",
            "conditions": {
                "biome": "minecraft:wooded_hills"
            }
        },
        "forest": {
            "trigger": "minecraft:location",
            "conditions": {
                "biome": "minecraft:forest"
            }
        },        
        "plains": {
            "trigger": "minecraft:location",
            "conditions": {
                "biome": "minecraft:plains"
            }
        },
        "roofed_forest": {
            "trigger": "minecraft:location",
            "conditions": {
                "biome": "minecraft:dark_forest"
            }
        },
        "birch_forest": {
            "trigger": "minecraft:location",
            "conditions": {
                "biome": "minecraft:birch_forest"
            }
        }
    }
}