{
    "display": {
        "icon": {
            "item": "minecraft:enchanted_golden_apple"
        },
        "title": {"translate":"Overpowered"},
        "description": {"translate":"Obtain a Notch Apple"},
        "frame": "challenge"
    },
    "parent": "blazeandcave:adventure/music_to_my_ears",
    "rewards": {
        "experience": 50,
        "function": "bc_rewards:adventure/overpowered"
    },		
    "criteria": {
        "golden_apple": {
            "trigger": "minecraft:inventory_changed",
            "conditions": {
                "items": [
                    {
                        "item": "minecraft:enchanted_golden_apple"
                    }
                ]
            }
        }
    }
}