{
    "display": {
        "icon": {
            "item": "minecraft:snowball"
        },
        "title": {"translate":"Snow Feet"},
        "description": {"translate":"Discover every snowy biome"},
        "frame": "goal"
    },
    "parent": "blazeandcave:adventure/warm_feet",	
    "rewards": {
        "experience": 100,
		"function": "bc_rewards:adventure/cold_feet"
    },	
    "criteria": {
        "taiga_cold": {
            "trigger": "minecraft:location",
            "conditions": {
                "biome": "minecraft:snowy_taiga"
            }
        },
        "ice_flats": {
            "trigger": "minecraft:location",
            "conditions": {
                "biome": "minecraft:snowy_tundra"
            }
        },
        "ice_mountains": {
            "trigger": "minecraft:location",
            "conditions": {
                "biome": "minecraft:snowy_mountains"
            }
        },
        "frozen_river": {
            "trigger": "minecraft:location",
            "conditions": {
                "biome": "minecraft:frozen_river"
            }
        },
        "cold_beach": {
            "trigger": "minecraft:location",
            "conditions": {
                "biome": "minecraft:snowy_beach"
            }
        },
        "taiga_cold_hills": {
            "trigger": "minecraft:location",
            "conditions": {
                "biome": "minecraft:snowy_taiga_hills"
            }
        }		
    }
}