{
    "display": {
        "icon": {
            "item": "minecraft:vine"
        },
        "title": {"translate":"Tarzan"},
        "description": {"translate":"Swing (or climb) on some vines"}
    },
    "parent": "blazeandcave:adventure/kilometre_walk",
	"rewards": {
		"function": "bc_rewards:adventure/tarzan"
    },
    "criteria": {
        "enter_vine": {
            "trigger": "minecraft:enter_block",
            "conditions": {
                "block": "minecraft:vine"
            }
        }
    }
}