{
    "display": {
        "icon": {
            "item": "minecraft:sunflower"
        },
        "title": {"translate":"There's a zombie on the lawn"},
        "description": {"translate":"Find a sunflower plains"}
    },
    "parent": "blazeandcave:adventure/tarzan",	
    "rewards": {
		"function": "bc_rewards:adventure/theres_a_zombie_on_the_lawn"
    },	
    "criteria": {
        "sunflower_plains": {
            "trigger": "minecraft:location",
            "conditions": {
                "biome": "minecraft:sunflower_plains"
            }
        }
    }
}