{
    "display": {
        "icon": {
            "item": "minecraft:dark_oak_fence"
        },
        "title": {"translate":"Titanic"},
        "description": {"translate":"Find a shipwreck in an iceberg biome"},
		"frame": "challenge"
    },
    "parent": "blazeandcave:adventure/get_ship_rekt",
    "rewards": {
		"experience": 50,
        "function": "bc_rewards:adventure/titanic"
    },		
    "criteria": {
        "iceberg": {
            "trigger": "minecraft:location",
            "conditions": {
                "feature": "Shipwreck",
                "biome": "minecraft:deep_frozen_ocean"
            }
        }
    }	
}