{
    "display": {
        "icon": {
            "item": "minecraft:filled_map"
        },
        "title": {"translate":"X Marks the Spot"},
        "description": {"translate":"Use a treasure map to find a Heart of the Sea in Buried Treasure"},
		"frame": "goal"
    },
    "parent": "blazeandcave:adventure/get_ship_rekt",
    "rewards": {
        "function": "bc_rewards:adventure/x_marks_the_spot"
    },		
    "criteria": {
        "heart_of_the_sea": {
            "trigger": "minecraft:inventory_changed",
            "conditions": {
                "items": [
                    {
                        "item": "minecraft:heart_of_the_sea"
                    }
                ]
            }
        }
	}		
}