{
    "display": {
        "icon": {
            "item": "minecraft:end_portal_frame"
        },
        "title": {"translate":"The End?"},
        "description": {"translate":"Enter the End Portal"},
        "frame": "goal"
    },
    "parent": "minecraft:story/follow_ender_eye",
	"rewards": {
		"function": "bc_rewards:nether/the_end"
    },	
    "criteria": {
        "entered_end_portal": {
            "trigger": "minecraft:enter_block",
            "conditions": {
                "block": "minecraft:end_portal"
            }
        }
    }
}