{
    "display": {
        "icon": {
            "item": "minecraft:ender_eye"
        },
        "title": {"translate":"Eye Spy"},
        "description": {"translate":"Follow an Ender Eye"}
    },
    "parent": "blazeandcave:nether/enders_chest",
	"rewards": {
		"function": "bc_rewards:nether/eye_spy"
    },	
    "criteria": {
        "near_stronghold": {
            "trigger": "minecraft:used_ender_eye",
            "conditions": {
                "distance": {"max": 64}
            }
        }
    }
}