{
    "display": {
        "icon": {
            "item": "minecraft:lava_bucket"
        },
        "title": {"translate":"Hot Stuff"},
        "description": {"translate":"Fill a bucket with lava"}
    },
    "parent": "blazeandcave:mining/iconic_merchandising_prop",
    "rewards": {
		"function": "bc_rewards:mining/hot_stuff"
    },			
    "criteria": {
        "lava_bucket": {
            "trigger": "minecraft:inventory_changed",
            "conditions": {
                "items": [
                    {
                        "item": "minecraft:lava_bucket"
                    }
                ]
            }
        }
    }
}