{
    "display": {
        "icon": {
            "item": "minecraft:crafting_table"
        },
        "title": {"translate":"Benchmarking"},
        "description": {"translate":"Construct a crafting bench with four wooden planks"}
    },
    "parent": "blazeandcave:beginning/getting_wood",
	"rewards": {
		"function": "bc_rewards:beginning/benchmarking"
    },		
    "criteria": {
        "crafting_table": {
            "trigger": "minecraft:inventory_changed",
            "conditions": {
                "items": [
                    {
                        "item": "minecraft:crafting_table"
                    }
                ]
            }
        }
    }
}