{
    "display": {
        "icon": {
            "item": "minecraft:diamond_chestplate"
        },
        "title": {"translate":"Cover Me With Diamonds"},
        "description": {"translate":"Diamond armor saves lives"}
    },
    "parent": "minecraft:story/mine_diamond",
    "rewards": {
		"function": "bc_rewards:mining/cover_me_with_diamonds"
    },			
    "criteria": {
        "diamond_helmet": {
            "trigger": "minecraft:inventory_changed",
            "conditions": {
                "items": [
                    {
                        "item": "minecraft:diamond_helmet"
                    }
                ]
            }
        },
        "diamond_chestplate": {
            "trigger": "minecraft:inventory_changed",
            "conditions": {
                "items": [
                    {
                        "item": "minecraft:diamond_chestplate"
                    }
                ]
            }
        },
        "diamond_leggings": {
            "trigger": "minecraft:inventory_changed",
            "conditions": {
                "items": [
                    {
                        "item": "minecraft:diamond_leggings"
                    }
                ]
            }
        },
        "diamond_boots": {
            "trigger": "minecraft:inventory_changed",
            "conditions": {
                "items": [
                    {
                        "item": "minecraft:diamond_boots"
                    }
                ]
            }
        }
    },
    "requirements": [
        [
            "diamond_helmet",
            "diamond_chestplate",
            "diamond_leggings",
            "diamond_boots"
        ]
    ]
}