{
    "display": {
        "icon": {
            "item": "minecraft:iron_ingot"
        },
        "title": {"translate":"Acquire Hardware"},
        "description": {"translate":"Smelt an iron ingot"}
    },
    "parent": "blazeandcave:mining/hot_topic",
    "rewards": {
		"function": "bc_rewards:mining/acquire_hardware"
    },		
    "criteria": {
        "iron": {
            "trigger": "minecraft:inventory_changed",
            "conditions": {
                "items": [
                    {
                        "item": "minecraft:iron_ingot"
                    }
                ]
            }
        }
    }
}