{
    "display": {
        "icon": {
            "item": "minecraft:beacon"
        },
        "title": {"translate":"Bring Home the Beacon"},
        "description": {"translate":"Construct and place a Beacon"},
        "frame": "goal"
    },
    "parent": "minecraft:nether/summon_wither",
	"rewards": {
		"function": "bc_rewards:nether/bring_home_the_beacon"
    },	
    "criteria": {
        "beacon": {
            "trigger": "minecraft:construct_beacon",
            "conditions": {
                "level": {"min": 1}
            }
        }
    }
}