{
    "display": {
        "icon": {
            "item": "minecraft:map"
        },
        "title": {"translate":"Subspace Bubble"},
        "description": {"translate":"Use the Nether to travel 7km in the Overworld"},
        "frame": "challenge"
    },
    "parent": "blazeandcave:nether/limbo_walker",
	"rewards": {
        "experience": 100,
		"function": "bc_rewards:nether/subspace_bubble"
    },	
    "criteria": {
        "travelled": {
            "trigger": "minecraft:nether_travel",
            "conditions": {
                "distance": {
                    "horizontal": {
                        "min": 7000
                    }
                }
            }
        }
    }
}