{
    "display": {
        "icon": {
            "item": "minecraft:nether_bricks"
        },
        "title": {"translate":"A Terrible Fortress"},
        "description": {"translate":"Break your way into a Nether Fortress"}
    },
    "parent": "minecraft:nether/root",
    "rewards": {
		"function": "bc_rewards:nether/a_terrible_fortress"
    },		
    "criteria": {
        "fortress": {
            "trigger": "minecraft:location",
            "conditions": {
                "feature": "Fortress"
            }
        }
    }
}