{
    "display": {
        "icon": {
            "item": "minecraft:wither_skeleton_skull"
        },
        "title": {"translate":"Spooky Scary Skeleton"},
        "description": {"translate":"Obtain a wither skeleton's skull"}
    },
    "parent": "blazeandcave:nether/the_hunt_begins",
	"rewards": {
		"function": "bc_rewards:nether/spooky_scary_skeleton"
    },	
    "criteria": {
        "wither_skull": {
            "trigger": "minecraft:inventory_changed",
            "conditions": {
                "items": [
                    {
                        "item": "minecraft:wither_skeleton_skull"
                    }
                ]
            }
        }
    }
}