{
    "display": {
        "icon": {
            "item": "minecraft:fire_charge"
        },
        "title": {"translate":"Return to Sender"},
        "description": {"translate":"Destroy a Ghast with its fireball"},
        "frame": "goal"
    },
    "parent": "blazeandcave:nether/fire_blast_shield",
	"rewards": {
        "experience": 50,
		"function": "bc_rewards:nether/return_to_sender"
    },	
    "criteria": {
        "killed_ghast": {
            "trigger": "minecraft:player_killed_entity",
            "conditions": {
                "entity": {
                    "type": "minecraft:ghast"
                },
                "killing_blow": {
                    "is_projectile": true,
                    "direct_entity": {
                        "type": "minecraft:fireball"
                    }
                }
            }
        }
    }
}