{
    "display": {
        "icon": {
            "item": "minecraft:red_nether_bricks"
        },
        "title": {"translate":"Nether"},
        "description": {"translate":"Bring summer clothes"},
		"background": "minecraft:textures/block/netherrack.png",
        "show_toast": false,
        "announce_to_chat": false
    },
	"rewards": {
		"function": "bc_rewards:nether/root"
    },	
    "criteria": {
        "nether": {
            "trigger": "minecraft:changed_dimension",
            "conditions": {
                "to": "the_nether",
				"from": "overworld"
            }
        }
    }
}