{
    "display": {
        "icon": {
            "item": "minecraft:nether_star"
        },
        "title": {"translate":"Withering Heights"},
        "description": {"translate":"Summon the Wither"},
        "frame": "goal"
    },
    "parent": "minecraft:nether/get_wither_skull",
	"rewards": {
		"function": "bc_rewards:nether/withering_heights"
    },	
    "criteria": {
        "summoned": {
            "trigger": "minecraft:summoned_entity",
            "conditions": {
                "entity": {
                    "type": "wither"
                }
            }
        }
    }
}