{
    "display": {
        "icon": {
            "item": "minecraft:ghast_tear"
        },
        "title": {"translate":"Uneasy Alliance"},
        "description": {"translate":"Rescue a Ghast from the Nether, bring it safely home to the Overworld... and then kill it"},
        "frame": "challenge"
    },
    "parent": "blazeandcave:nether/ghast_slayer",
	"rewards": {
        "experience": 100,
		"function": "bc_rewards:nether/uneasy_alliance"
    },	
    "criteria": {
        "killed_ghast": {
            "trigger": "minecraft:player_killed_entity",
            "conditions": {
                "entity": {
                    "type": "minecraft:ghast",
                    "location": {
                        "dimension": "overworld"
                    }
                }
            }
        }
    }
}