{
    "display": {
        "icon": {
            "item": "minecraft:tnt"
        },
        "title": {"translate":"Bombs Away!"},
        "description": {"translate":"Use gunpowder and sand to craft TNT"}
    },
    "parent": "blazeandcave:combat/blast_shield",
    "rewards": {
        "function": "bc_rewards:combat/bombs_away"
    },		
    "criteria": {
        "tnt": {
            "trigger": "minecraft:inventory_changed",
            "conditions": {
                "items": [
                    {
                        "item": "minecraft:tnt"
                    }
                ]
            }
        }
    }
}