{
    "display": {
        "icon": {
            "item": "minecraft:creeper_spawn_egg"
        },
        "title": {"translate":"Creeper Killer"},
        "description": {"translate":"Collect a stack of gunpowder"},
		"frame": "goal"
    },
    "parent": "blazeandcave:combat/fireworks_display",
    "rewards": {
		"experience": 50,	
		"function": "bc_rewards:combat/creeper_killer"
    },		
    "criteria": {
        "gunpowder": {
            "trigger": "minecraft:inventory_changed",
            "conditions": {
                "items": [
                    {
                        "item": "minecraft:gunpowder",
						"count": 64
                    }
                ]
            }
        }		
    }	
}