{
    "display": {
        "icon": {
            "item": "minecraft:dead_bush"
        },
        "title": {"translate":"Desert Nomad"},
        "description": {"translate":"Kill a husk"}
    },
    "parent": "blazeandcave:combat/iron_belly",
    "rewards": {
        "function": "bc_rewards:combat/dead_dont_die"
    },		
    "criteria": {
        "husk": {
            "trigger": "minecraft:player_killed_entity",
            "conditions": {
                "entity": {
                    "type": "husk"
                }
            }
        }
    }
}