{
    "display": {
        "icon": {
            "item": "minecraft:stone_bricks"
        },
        "title": {"translate":"Dungeon Crawler"},
        "description": {"translate":"Defeat all kinds of mobs from special structures"},
        "frame": "goal"
    },
    "parent": "blazeandcave:combat/void_ender",
    "rewards": {
        "experience": 50,
		"function": "bc_rewards:combat/dungeon_crawler"
    },	
    "criteria": {
        "cave_spider": {
            "trigger": "minecraft:player_killed_entity",
            "conditions": {
                "entity": {
                    "type": "cave_spider"
                }
            }
        },
        "silverfish": {
            "trigger": "minecraft:player_killed_entity",
            "conditions": {
                "entity": {
                    "type": "silverfish"
                }
            }
        },
        "guardian": {
            "trigger": "minecraft:player_killed_entity",
            "conditions": {
                "entity": {
                    "type": "guardian"
                }
            }
        },
        "elder_guardian": {
            "trigger": "minecraft:player_killed_entity",
            "conditions": {
                "entity": {
                    "type": "elder_guardian"
                }
            }
        },
        "vindicator": {
            "trigger": "minecraft:player_killed_entity",
            "conditions": {
                "entity": {
                    "type": "vindicator"
                }
            }
        },
        "evoker": {
            "trigger": "minecraft:player_killed_entity",
            "conditions": {
                "entity": {
                    "type": "evoker"
                }
            }
        },
        "vex": {
            "trigger": "minecraft:player_killed_entity",
            "conditions": {
                "entity": {
                    "type": "vex"
                }
            }
        },
        "blaze": {
            "trigger": "minecraft:player_killed_entity",
            "conditions": {
                "entity": {
                    "type": "blaze"
                }
            }
        },
        "wither_skeleton": {
            "trigger": "minecraft:player_killed_entity",
            "conditions": {
                "entity": {
                    "type": "wither_skeleton"
                }
            }
        },
        "shulker": {
            "trigger": "minecraft:player_killed_entity",
            "conditions": {
                "entity": {
                    "type": "shulker"
                }
            }
        }
    }
}