{
    "display": {
        "icon": {
            "item": "minecraft:firework_rocket"
        },
        "title": {"translate":"Fireworks Display"},
        "description": {"translate":"Use gunpowder and paper to craft fireworks"}
    },
    "parent": "blazeandcave:combat/bombs_away",
    "rewards": {
        "function": "bc_rewards:combat/fireworks_display"
    },		
    "criteria": {
        "firework_rocket": {
            "trigger": "minecraft:inventory_changed",
            "conditions": {
                "items": [
                    {
                        "item": "minecraft:firework_rocket"
                    }
                ]
            }
        }
    }
}