{
    "display": {
        "icon": {
            "item": "minecraft:blaze_rod"
        },
        "title": {"translate":"Hell Hunter"},
        "description": {"translate":"Defeat all kinds of Nether mobs"},
        "frame": "goal"
    },
    "parent": "blazeandcave:combat/night_runner",
    "rewards": {
        "experience": 50,
		"function": "bc_rewards:combat/hell_hunter"
    },	
    "criteria": {
        "zombie_pigman": {
            "trigger": "minecraft:player_killed_entity",
            "conditions": {
                "entity": {
                    "type": "zombie_pigman"
                }
            }
        },
        "enderman": {
            "trigger": "minecraft:player_killed_entity",
            "conditions": {
                "entity": {
                    "type": "enderman",
                    "location": {
                        "dimension": "the_nether"
                    }
                }
            }
        },
        "ghast": {
            "trigger": "minecraft:player_killed_entity",
            "conditions": {
                "entity": {
                    "type": "ghast"
                }
            }
        },
        "magma_cube": {
            "trigger": "minecraft:player_killed_entity",
            "conditions": {
                "entity": {
                    "type": "magma_cube"
                }
            }
        },
        "skeleton": {
            "trigger": "minecraft:player_killed_entity",
            "conditions": {
                "entity": {
                    "type": "skeleton",
                    "location": {
                        "dimension": "the_nether"
                    }
                }
            }
        },
        "wither_skeleton": {
            "trigger": "minecraft:player_killed_entity",
            "conditions": {
                "entity": {
                    "type": "wither_skeleton"
                }
            }
        },
        "blaze": {
            "trigger": "minecraft:player_killed_entity",
            "conditions": {
                "entity": {
                    "type": "blaze"
                }
            }
        }
    }
}