{
    "display": {
        "icon": {
            "item": "minecraft:fire_charge"
        },
        "title": {"translate":"Poseidon vs. Hades"},
        "description": {"translate":"Hunt all types of nether creatures with your trident"},
        "frame": "challenge"
    },
    "parent": "blazeandcave:combat/underwater_duel",
    "rewards": {
        "experience": 100,
        "function": "bc_rewards:combat/the_aquatic_hunter"
    },	
    "criteria": {
        "zombie_pigman": {
            "trigger": "minecraft:player_killed_entity",
            "conditions": {
                "killing_blow": {
                    "is_projectile": true,
                        "direct_entity": {
                            "type": "minecraft:trident"
                        }
                },
                "entity": {
                    "type": "zombie_pigman"
                }
            }
        },	
        "ghast": {
            "trigger": "minecraft:player_killed_entity",
            "conditions": {
                "killing_blow": {
                    "is_projectile": true,
                        "direct_entity": {
                            "type": "minecraft:trident"
                        }
                },
                "entity": {
                    "type": "ghast"
                }
            }
        },
        "magma_cube": {
            "trigger": "minecraft:player_killed_entity",
            "conditions": {
                "killing_blow": {
                    "is_projectile": true,
                        "direct_entity": {
                            "type": "minecraft:trident"
                        }
                },
                "entity": {
                    "type": "magma_cube"
                }
            }
        },
        "skeleton": {
            "trigger": "minecraft:player_killed_entity",
            "conditions": {
                "killing_blow": {
                    "is_projectile": true,
                        "direct_entity": {
                            "type": "minecraft:trident"
                        }
                },
                "entity": {
                    "type": "skeleton",
                    "location": {
                        "dimension": "the_nether"
                    }
                }
            }
        },
        "wither_skeleton": {
            "trigger": "minecraft:player_killed_entity",
            "conditions": {
                "killing_blow": {
                    "is_projectile": true,
                        "direct_entity": {
                            "type": "minecraft:trident"
                        }
                },
                "entity": {
                    "type": "wither_skeleton"
                }
            }
        },
        "blaze": {
            "trigger": "minecraft:player_killed_entity",
            "conditions": {
                "killing_blow": {
                    "is_projectile": true,
                        "direct_entity": {
                            "type": "minecraft:trident"
                        }
                },
                "entity": {
                    "type": "blaze"
                }
            }
        }	
    }
}