{
    "display": {
        "icon": {
            "item": "minecraft:stone_sword"
        },
        "title": {"translate":"Combat"},
        "description": {"translate":"Battle against the monsters of this world"},
        "background": "minecraft:textures/block/mossy_cobblestone.png",
        "show_toast": false,
        "announce_to_chat": false
    },
    "rewards": {
        "function": "bc_rewards:combat/root"
    },		
    "criteria": {
        "wooden_sword": {
            "trigger": "minecraft:inventory_changed",
            "conditions": {
                "items": [
                    {
                        "item": "minecraft:wooden_sword"
                    }
                ]
            }
        },
        "stone_sword": {
            "trigger": "minecraft:inventory_changed",
            "conditions": {
                "items": [
                    {
                        "item": "minecraft:stone_sword"
                    }
                ]
            }
        },
        "iron_sword": {
            "trigger": "minecraft:inventory_changed",
            "conditions": {
                "items": [
                    {
                        "item": "minecraft:iron_sword"
                    }
                ]
            }
        },
        "diamond_sword": {
            "trigger": "minecraft:inventory_changed",
            "conditions": {
                "items": [
                    {
                        "item": "minecraft:diamond_sword"
                    }
                ]
            }
        },
        "golden_sword": {
            "trigger": "minecraft:inventory_changed",
            "conditions": {
                "items": [
                    {
                        "item": "minecraft:golden_sword"
                    }
                ]
            }
        }
    },
    "requirements": [
		[
        "wooden_sword",
        "stone_sword",
		"iron_sword",
		"diamond_sword",
		"golden_sword"
		]
    ]
}