{
    "display": {
        "icon": {
            "item": "minecraft:snowball"
        },
        "title": {"translate":"Snowball Fight"},
        "description": {"translate":"The spirit of Christmas... quickly drowned out by a battle"}
    },
    "parent": "blazeandcave:combat/root",
    "rewards": {
        "function": "bc_rewards:combat/snowball_fight"
    },		
    "criteria": {
        "snowball": {
            "trigger": "minecraft:player_hurt_entity",
            "conditions": {
                "damage": {
                    "type": {
                        "is_projectile": true,
                        "direct_entity": {
                            "type": "minecraft:snowball"
                        }
                    }
                }
            }
        }
    }
}