{
    "display": {
        "icon": {
            "item": "minecraft:chicken"
        },
        "title": {"translate":"The Mighty Hunter"},
        "description": {"translate":"Hunt all types of animals with your bow"},
        "frame": "challenge"
    },
    "parent": "minecraft:adventure/sniper_duel",
    "rewards": {
        "experience": 100,
        "function": "bc_rewards:combat/the_mighty_hunter"
    },	
    "criteria": {
        "chicken": {
            "trigger": "minecraft:player_killed_entity",
            "conditions": {
                "killing_blow": {
                    "is_projectile": true,
                        "direct_entity": {
                            "type": "minecraft:arrow"
                        }
                },
                "entity": {
                    "type": "chicken"
                }
            }
        },	
        "cow": {
            "trigger": "minecraft:player_killed_entity",
            "conditions": {
                "killing_blow": {
                    "is_projectile": true,
                        "direct_entity": {
                            "type": "minecraft:arrow"
                        }
                },
                "entity": {
                    "type": "cow"
                }
            }
        },
        "pig": {
            "trigger": "minecraft:player_killed_entity",
            "conditions": {
                "killing_blow": {
                    "is_projectile": true,
                        "direct_entity": {
                            "type": "minecraft:arrow"
                        }
                },
                "entity": {
                    "type": "pig"
                }
            }
        },
        "sheep": {
            "trigger": "minecraft:player_killed_entity",
            "conditions": {
                "killing_blow": {
                    "is_projectile": true,
                        "direct_entity": {
                            "type": "minecraft:arrow"
                        }
                },
                "entity": {
                    "type": "sheep"
                }
            }
        },
        "rabbit": {
            "trigger": "minecraft:player_killed_entity",
            "conditions": {
                "killing_blow": {
                    "is_projectile": true,
                        "direct_entity": {
                            "type": "minecraft:arrow"
                        }
                },
                "entity": {
                    "type": "rabbit"
                }
            }
        },
        "squid": {
            "trigger": "minecraft:player_killed_entity",
            "conditions": {
                "killing_blow": {
                    "is_projectile": true,
                        "direct_entity": {
                            "type": "minecraft:arrow"
                        }
                },
                "entity": {
                    "type": "squid"
                }
            }
        },
        "mooshroom": {
            "trigger": "minecraft:player_killed_entity",
            "conditions": {
                "killing_blow": {
                    "is_projectile": true,
                        "direct_entity": {
                            "type": "minecraft:arrow"
                        }
                },
                "entity": {
                    "type": "mooshroom"
                }
            }
        },
        "polar_bear": {
            "trigger": "minecraft:player_killed_entity",
            "conditions": {
                "killing_blow": {
                    "is_projectile": true,
                        "direct_entity": {
                            "type": "minecraft:arrow"
                        }
                },
                "entity": {
                    "type": "polar_bear"
                }
            }
        },
        "horse": {
            "trigger": "minecraft:player_killed_entity",
            "conditions": {
                "killing_blow": {
                    "is_projectile": true,
                        "direct_entity": {
                            "type": "minecraft:arrow"
                        }
                },
                "entity": {
                    "type": "horse"
                }
            }
        },
        "donkey": {
            "trigger": "minecraft:player_killed_entity",
            "conditions": {
                "killing_blow": {
                    "is_projectile": true,
                        "direct_entity": {
                            "type": "minecraft:arrow"
                        }
                },
                "entity": {
                    "type": "donkey"
                }
            }
        },
        "mule": {
            "trigger": "minecraft:player_killed_entity",
            "conditions": {
                "killing_blow": {
                    "is_projectile": true,
                        "direct_entity": {
                            "type": "minecraft:arrow"
                        }
                },
                "entity": {
                    "type": "mule"
                }
            }
        },
        "llama": {
            "trigger": "minecraft:player_killed_entity",
            "conditions": {
                "killing_blow": {
                    "is_projectile": true,
                        "direct_entity": {
                            "type": "minecraft:arrow"
                        }
                },
                "entity": {
                    "type": "llama"
                }
            }
        },
        "wolf": {
            "trigger": "minecraft:player_killed_entity",
            "conditions": {
                "killing_blow": {
                    "is_projectile": true,
                        "direct_entity": {
                            "type": "minecraft:arrow"
                        }
                },
                "entity": {
                    "type": "wolf"
                }
            }
        },
        "ocelot": {
            "trigger": "minecraft:player_killed_entity",
            "conditions": {
                "killing_blow": {
                    "is_projectile": true,
                        "direct_entity": {
                            "type": "minecraft:arrow"
                        }
                },
                "entity": {
                    "type": "ocelot"
                }
            }
        },
        "parrot": {
            "trigger": "minecraft:player_killed_entity",
            "conditions": {
                "killing_blow": {
                    "is_projectile": true,
                        "direct_entity": {
                            "type": "minecraft:arrow"
                        }
                },
                "entity": {
                    "type": "parrot"
                }
            }
        }		
    }
}