{
    "display": {
        "icon": {
            "item": "minecraft:fermented_spider_eye"
        },
        "title": {"translate":"The Ghastly Eyes"},
        "description": {"translate":"Kill an invisible spider"},
        "frame": "challenge"
    },
    "parent": "blazeandcave:combat/spider_smasher",
	"rewards": {
        "experience": 50,
		"function": "bc_rewards:combat/the_ghastly_eyes"
    },	
    "criteria": {
        "invisible_spider": {
            "trigger": "minecraft:player_killed_entity",
            "conditions": {
                "entity": {
                    "type": "minecraft:spider",
                    "effects": {
						"minecraft:invisibility": {}
					}
                }
            }
        }
    }
}