{
    "display": {
        "icon": {
            "item": "minecraft:water_bucket"
        },
        "title": {"translate":"Underwater Duel"},
        "description": {"translate":"Kill a drowned using a trident from at least 30 metres"},
        "frame": "challenge"
    },
    "parent": "minecraft:adventure/throw_trident",
    "rewards": {
        "experience": 50,
        "function": "bc_rewards:combat/underwtaer_duel"
    },	
    "criteria": {
        "killed_drowned": {
            "trigger": "minecraft:player_killed_entity",
            "conditions": {
                "killing_blow": {
                    "is_projectile": true,
					"direct_entity": {
						"type": "minecraft:trident"
					}
                },
                "entity": {
                    "type": "minecraft:drowned",
                    "distance": {
                        "horizontal": {
                            "min": 30
                        }
                    }
                }
            }
        }
    }
}