{
    "display": {
        "icon": {
            "item": "minecraft:netherrack"
        },
        "title": {"translate":"We'll handle this"},
        "description": {"translate":"Lure a Phantom into the Nether and then kill it"},
        "frame": "challenge"
    },
    "parent": "blazeandcave:combat/anti_air",
	"rewards": {
        "experience": 100,
		"function": "bc_rewards:combat/well_handle_this"
    },	
    "criteria": {
        "nether": {
            "trigger": "minecraft:player_killed_entity",
            "conditions": {
                "entity": {
                    "type": "minecraft:phantom",
                    "location": {
                        "dimension": "the_nether"
                    }
                }
            }
        }
    }
}