{
    "display": {
        "icon": {
            "item": "minecraft:apple"
        },
        "title": {"translate":"A Balanced Diet"},
        "description": {"translate":"Eat everything that is edible, even if it's not good for you"},
        "frame": "challenge"
    },
    "parent": "blazeandcave:farming/meat_lovers",
    "rewards": {
        "experience": 100,
		"function": "bc_rewards:farming/a_balanced_diet"
    },		
    "criteria": {
        "apple": {
            "trigger": "consume_item",
            "conditions": {
                "item": {
                    "item": "minecraft:apple"
                }
            }
        },
        "mushroom_stew": {
            "trigger": "consume_item",
            "conditions": {
                "item": {
                    "item": "minecraft:mushroom_stew"
                }
            }
        },
        "bread": {
            "trigger": "consume_item",
            "conditions": {
                "item": {
                    "item": "minecraft:bread"
                }
            }
        },
        "porkchop": {
            "trigger": "consume_item",
            "conditions": {
                "item": {
                    "item": "minecraft:porkchop"
                }
            }
        },
        "cooked_porkchop": {
            "trigger": "consume_item",
            "conditions": {
                "item": {
                    "item": "minecraft:cooked_porkchop"
                }
            }
        },
        "golden_apple": {
            "trigger": "consume_item",
            "conditions": {
                "item": {
                    "item": "minecraft:golden_apple"
                }
            }
        },
        "enchanted_golden_apple": {
            "trigger": "consume_item",
            "conditions": {
                "item": {
                    "item": "minecraft:enchanted_golden_apple"
                }
            }
        },
        "raw_cod": {
            "trigger": "consume_item",
            "conditions": {
                "item": {
                    "item": "minecraft:cod"
                }
            }
        },
        "raw_salmon": {
            "trigger": "consume_item",
            "conditions": {
                "item": {
                    "item": "minecraft:salmon"
                }
            }
        },
        "tropical_fish": {
            "trigger": "consume_item",
            "conditions": {
                "item": {
                    "item": "minecraft:tropical_fish"
                }
            }
        },
        "pufferfish": {
            "trigger": "consume_item",
            "conditions": {
                "item": {
                    "item": "minecraft:pufferfish"
                }
            }
        },
        "cooked_cod": {
            "trigger": "consume_item",
            "conditions": {
                "item": {
                    "item": "minecraft:cooked_cod"
                }
            }
        },
        "cooked_salmon": {
            "trigger": "consume_item",
            "conditions": {
                "item": {
                    "item": "minecraft:cooked_salmon"
                }
            }
        },
        "cookie": {
            "trigger": "consume_item",
            "conditions": {
                "item": {
                    "item": "minecraft:cookie"
                }
            }
        },
        "melon_slice": {
            "trigger": "consume_item",
            "conditions": {
                "item": {
                    "item": "minecraft:melon_slice"
                }
            }
        },
        "beef": {
            "trigger": "consume_item",
            "conditions": {
                "item": {
                    "item": "minecraft:beef"
                }
            }
        },
        "cooked_beef": {
            "trigger": "consume_item",
            "conditions": {
                "item": {
                    "item": "minecraft:cooked_beef"
                }
            }
        },
        "chicken": {
            "trigger": "consume_item",
            "conditions": {
                "item": {
                    "item": "minecraft:chicken"
                }
            }
        },
        "cooked_chicken": {
            "trigger": "consume_item",
            "conditions": {
                "item": {
                    "item": "minecraft:cooked_chicken"
                }
            }
        },
        "rotten_flesh": {
            "trigger": "consume_item",
            "conditions": {
                "item": {
                    "item": "minecraft:rotten_flesh"
                }
            }
        },
        "spider_eye": {
            "trigger": "consume_item",
            "conditions": {
                "item": {
                    "item": "minecraft:spider_eye"
                }
            }
        },
        "carrot": {
            "trigger": "consume_item",
            "conditions": {
                "item": {
                    "item": "minecraft:carrot"
                }
            }
        },
        "potato": {
            "trigger": "consume_item",
            "conditions": {
                "item": {
                    "item": "minecraft:potato"
                }
            }
        },
        "baked_potato": {
            "trigger": "consume_item",
            "conditions": {
                "item": {
                    "item": "minecraft:baked_potato"
                }
            }
        },
        "poisonous_potato": {
            "trigger": "consume_item",
            "conditions": {
                "item": {
                    "item": "minecraft:poisonous_potato"
                }
            }
        },
        "golden_carrot": {
            "trigger": "consume_item",
            "conditions": {
                "item": {
                    "item": "minecraft:golden_carrot"
                }
            }
        },
        "pumpkin_pie": {
            "trigger": "consume_item",
            "conditions": {
                "item": {
                    "item": "minecraft:pumpkin_pie"
                }
            }
        },
        "rabbit": {
            "trigger": "consume_item",
            "conditions": {
                "item": {
                    "item": "minecraft:rabbit"
                }
            }
        },
        "cooked_rabbit": {
            "trigger": "consume_item",
            "conditions": {
                "item": {
                    "item": "minecraft:cooked_rabbit"
                }
            }
        },
        "rabbit_stew": {
            "trigger": "consume_item",
            "conditions": {
                "item": {
                    "item": "minecraft:rabbit_stew"
                }
            }
        },
        "mutton": {
            "trigger": "consume_item",
            "conditions": {
                "item": {
                    "item": "minecraft:mutton"
                }
            }
        },
        "cooked_mutton": {
            "trigger": "consume_item",
            "conditions": {
                "item": {
                    "item": "minecraft:cooked_mutton"
                }
            }
        },
        "chorus_fruit": {
            "trigger": "consume_item",
            "conditions": {
                "item": {
                    "item": "minecraft:chorus_fruit"
                }
            }
        },
        "beetroot": {
            "trigger": "consume_item",
            "conditions": {
                "item": {
                    "item": "minecraft:beetroot"
                }
            }
        },
        "beetroot_soup": {
            "trigger": "consume_item",
            "conditions": {
                "item": {
                    "item": "minecraft:beetroot_soup"
                }
            }
        },
        "dried_kelp": {
            "trigger": "consume_item",
            "conditions": {
                "item": {
                    "item": "minecraft:dried_kelp"
                }
            }
        }
    }
}