{
    "display": {
        "icon": {
            "item": "minecraft:hay_block"
        },
        "title": {"translate":"Overpopulation"},
        "description": {"translate":"Breed every type of animal"},
		"frame": "challenge"
    },
    "parent": "blazeandcave:animal/super_mooshroom",
    "rewards": {
        "experience": 100,
		"function": "bc_rewards:animal/overpopulation"
    },		
    "criteria": {
    "minecraft:horse": {
      "trigger": "minecraft:bred_animals",
      "conditions": {
        "parent": {
          "type": "minecraft:horse"
        }
      }
    },
    "minecraft:sheep": {
      "trigger": "minecraft:bred_animals",
      "conditions": {
        "parent": {
          "type": "minecraft:sheep"
        }
      }
    },
    "minecraft:cow": {
      "trigger": "minecraft:bred_animals",
      "conditions": {
        "parent": {
          "type": "minecraft:cow"
        }
      }
    },
    "minecraft:mooshroom": {
      "trigger": "minecraft:bred_animals",
      "conditions": {
        "parent": {
          "type": "minecraft:mooshroom"
        }
      }
    },
    "minecraft:pig": {
      "trigger": "minecraft:bred_animals",
      "conditions": {
        "parent": {
          "type": "minecraft:pig"
        }
      }
    },
    "minecraft:chicken": {
      "trigger": "minecraft:bred_animals",
      "conditions": {
        "parent": {
          "type": "minecraft:chicken"
        }
      }
    },
    "minecraft:wolf": {
      "trigger": "minecraft:bred_animals",
      "conditions": {
        "parent": {
          "type": "minecraft:wolf"
        }
      }
    },
    "minecraft:ocelot": {
      "trigger": "minecraft:bred_animals",
      "conditions": {
        "parent": {
          "type": "minecraft:ocelot"
        }
      }
    },
    "minecraft:rabbit": {
      "trigger": "minecraft:bred_animals",
      "conditions": {
        "parent": {
          "type": "minecraft:rabbit"
        }
      }
    },
    "minecraft:llama": {
      "trigger": "minecraft:bred_animals",
      "conditions": {
        "parent": {
          "type": "minecraft:llama"
        }
      }
    },
    "minecraft:turtle": {
      "trigger": "minecraft:bred_animals",
      "conditions": {
        "parent": {
          "type": "minecraft:turtle"
        }
      }
    }
  },
  "requirements": [
    [
      "minecraft:horse"
    ],
    [
      "minecraft:sheep"
    ],
    [
      "minecraft:cow"
    ],
    [
      "minecraft:mooshroom"
    ],
    [
      "minecraft:pig"
    ],
    [
      "minecraft:chicken"
    ],
    [
      "minecraft:wolf"
    ],
    [
      "minecraft:ocelot"
    ],
    [
      "minecraft:rabbit"
    ],
    [
      "minecraft:llama"
    ],
    [
      "minecraft:turtle"
    ]
  ]
}