{
    "display": {
        "icon": {
            "item": "minecraft:wheat"
        },
        "title": {"translate":"Repopulation"},
        "description": {"translate":"Breed two cows with wheat"}
    },
    "parent": "blazeandcave:animal/high_steaks",
	"rewards": {
		"function": "bc_rewards:animal/repopulation"
    },		
    "criteria": {
        "cow": {
            "trigger": "minecraft:bred_animals",
            "conditions": {
				"parent": {
					"type": "minecraft:cow"
				},
				"partner": {
					"type": "minecraft:cow"
				}
            }
        }
    }
}