{
    "display": {
        "icon": {
            "item": "minecraft:beef"
        },
        "title": {"translate":"Animals"},
        "description": {"translate":"The world is full of friends and food"},
		"background": "minecraft:textures/block/green_concrete_powder.png",
        "show_toast": false,
        "announce_to_chat": false
    },
	"rewards": {
		"function": "bc_rewards:animal/root"
    },		
    "criteria": {
        "consumed_item": {
            "trigger": "minecraft:consume_item"
        }
    }
}