{
    "display": {
        "icon": {
            "item": "minecraft:pufferfish_bucket"
        },
        "title": {"translate":"Tactical Fishing"},
        "description": {"translate":"Catch a fish... without a fishing rod!"}
    },
    "parent": "minecraft:husbandry/fishy_business",
	"rewards": {
		"function": "bc_rewards:animal/tactical_fishing"
    },		
    "criteria": {
        "cod_bucket": {
            "trigger": "minecraft:filled_bucket",
            "conditions": {
                "item":
                {
                    "item": "minecraft:cod_bucket"
                }
            }
        },
        "salmon_bucket": {
            "trigger": "minecraft:filled_bucket",
            "conditions": {
                "item":
                {
                    "item": "minecraft:salmon_bucket"
                }
            }
        },
        "pufferfish_bucket": {
            "trigger": "minecraft:filled_bucket",
            "conditions": {
                "item":
                {
                    "item": "minecraft:pufferfish_bucket"
                }
            }
        },
        "tropical_fish_bucket": {
            "trigger": "minecraft:filled_bucket",
            "conditions": {
                "item":
                {
                    "item": "minecraft:tropical_fish_bucket"
                }
            }
        }		
    },
    "requirements": [
		[
        "cod_bucket",
		"salmon_bucket",
		"pufferfish_bucket",
		"tropical_fish_bucket"
		]
    ]
}