{
    "display": {
        "icon": {
            "item": "minecraft:bone"
        },
        "title": {"translate":"Leader of the Pack"},
        "description": {"translate":"Befriend a wolf"}
    },
    "parent": "minecraft:husbandry/root",
	"rewards": {
		"function": "bc_rewards:animal/leader_of_the_pack"
    },		
    "criteria": {
        "tamed_animal": {
            "trigger": "minecraft:tame_animal",
            "conditions": {
                "entity": {
                    "type": "minecraft:wolf"
                }
			}
        }
    }
}