{
    "display": {
        "icon": {
            "item": "minecraft:wooden_sword"
        },
        "title": {"translate":"Time to Strike!"},
        "description": {"translate":"Use planks and sticks to make a sword"}
    },
    "parent": "minecraft:story/root",
	"rewards": {
		"function": "bc_rewards:beginning/time_to_mine"
    },		
    "criteria": {
        "wooden_sword": {
            "trigger": "minecraft:inventory_changed",
            "conditions": {
                "items": [
                    {
                        "item": "minecraft:wooden_sword"
                    }
                ]
            }
        },
        "stone_sword": {
            "trigger": "minecraft:inventory_changed",
            "conditions": {
                "items": [
                    {
                        "item": "minecraft:stone_sword"
                    }
                ]
            }
        },
        "iron_sword": {
            "trigger": "minecraft:inventory_changed",
            "conditions": {
                "items": [
                    {
                        "item": "minecraft:iron_sword"
                    }
                ]
            }
        },
        "diamond_sword": {
            "trigger": "minecraft:inventory_changed",
            "conditions": {
                "items": [
                    {
                        "item": "minecraft:diamond_sword"
                    }
                ]
            }
        },
        "golden_sword": {
            "trigger": "minecraft:inventory_changed",
            "conditions": {
                "items": [
                    {
                        "item": "minecraft:golden_sword"
                    }
                ]
            }
        }
    },
    "requirements": [
		[
        "wooden_sword",
        "stone_sword",
		"iron_sword",
		"diamond_sword",
		"golden_sword"
		]
    ]
}