{
    "display": {
        "icon": {
            "item": "minecraft:wooden_axe"
        },
        "title": {"translate":"Time to Chop!"},
        "description": {"translate":"Use planks and sticks to make a axe"}
    },
    "parent": "minecraft:story/root",
	"rewards": {
		"function": "bc_rewards:beginning/time_to_mine"
    },		
    "criteria": {
        "wooden_axe": {
            "trigger": "minecraft:inventory_changed",
            "conditions": {
                "items": [
                    {
                        "item": "minecraft:wooden_axe"
                    }
                ]
            }
        },
        "stone_axe": {
            "trigger": "minecraft:inventory_changed",
            "conditions": {
                "items": [
                    {
                        "item": "minecraft:stone_axe"
                    }
                ]
            }
        },
        "iron_axe": {
            "trigger": "minecraft:inventory_changed",
            "conditions": {
                "items": [
                    {
                        "item": "minecraft:iron_axe"
                    }
                ]
            }
        },
        "diamond_axe": {
            "trigger": "minecraft:inventory_changed",
            "conditions": {
                "items": [
                    {
                        "item": "minecraft:diamond_axe"
                    }
                ]
            }
        },
        "golden_axe": {
            "trigger": "minecraft:inventory_changed",
            "conditions": {
                "items": [
                    {
                        "item": "minecraft:golden_axe"
                    }
                ]
            }
        }
    },
    "requirements": [
		[
        "wooden_axe",
        "stone_axe",
		"iron_axe",
		"diamond_axe",
		"golden_axe"
		]
    ]
}