{
    "display": {
        "icon": {
            "item": "minecraft:nether_wart"
        },
        "title": {"translate":"Basis of Brewing"},
        "description": {"translate":"Harvest some nether wart from a nether fortress"}
    },
    "parent": "minecraft:nether/obtain_blaze_rod",
	"rewards": {
		"function": "bc_rewards:nether/basis_of_brewing"
    },	
    "criteria": {
        "nether_wart": {
            "trigger": "minecraft:inventory_changed",
            "conditions": {
                "items": [
                    {
                        "item": "minecraft:nether_wart"
                    }
                ]
            }
        }
    }
}