{
    "display": {
        "icon": {
            "item": "minecraft:iron_sword"
        },
        "title": {"translate":"Bring Down The Beast"},
        "description": {"translate":"Bring down a ghast with a sword"},
		"frame": "goal"
    },
    "parent": "minecraft:nether/return_to_sender",
    "rewards": {
        "function": "bc_rewards:nether/bring_down_the_beast"
    },		
    "criteria": {
        "ghast_wood": {
            "trigger": "minecraft:player_killed_entity",
            "conditions": {
                "entity": {
                    "type": "ghast",
					"distance": {
						"absolute": {
							"max": 5
						}
					}
                },
                "killing_blow": {
                    "source_entity": {
                        "nbt": "{SelectedItem:{id:\"minecraft:wooden_sword\",}}"
                    }
                }
            }
        },
        "ghast_stone": {
            "trigger": "minecraft:player_killed_entity",
            "conditions": {
                "entity": {
                    "type": "ghast",
					"distance": {
						"absolute": {
							"max": 5
						}
					}
                },
                "killing_blow": {
                    "source_entity": {
                        "nbt": "{SelectedItem:{id:\"minecraft:stone_sword\",}}"
                    }
                }
            }
        },
        "ghast_iron": {
            "trigger": "minecraft:player_killed_entity",
            "conditions": {
                "entity": {
                    "type": "ghast",
					"distance": {
						"absolute": {
							"max": 5
						}
					}
                },
                "killing_blow": {
                    "source_entity": {
                        "nbt": "{SelectedItem:{id:\"minecraft:iron_sword\",}}"
                    }
                }
            }
        },
        "ghast_gold": {
            "trigger": "minecraft:player_killed_entity",
            "conditions": {
                "entity": {
                    "type": "ghast",
					"distance": {
						"absolute": {
							"max": 5
						}
					}
                },
                "killing_blow": {
                    "source_entity": {
                        "nbt": "{SelectedItem:{id:\"minecraft:golden_sword\",}}"
                    }
                }
            }
        },
        "ghast_diamond": {
            "trigger": "minecraft:player_killed_entity",
            "conditions": {
                "entity": {
                    "type": "ghast",
					"distance": {
						"absolute": {
							"max": 5
						}
					}
                },
                "killing_blow": {
                    "source_entity": {
                        "nbt": "{SelectedItem:{id:\"minecraft:diamond_sword\",}}"
                    }
                }
            }
        }		
    },
    "requirements": [
		[
        "ghast_wood",
        "ghast_stone",
		"ghast_iron",
		"ghast_gold",
		"ghast_diamond"
		]
    ]
}