{
    "display": {
        "icon": {
            "item": "minecraft:ender_chest"
        },
        "title": {"translate":"Ender's Chest"},
        "description": {"translate":"Craft an ender chest for some extra inventory space"}
    },
    "parent": "minecraft:nether/obtain_blaze_rod",
    "rewards": {
		"function": "bc_rewards:nether/enders_chest"
    },		
    "criteria": {
        "ender_chest": {
            "trigger": "minecraft:inventory_changed",
            "conditions": {
                "items": [
                    {
                        "item": "minecraft:ender_chest"
                    }
                ]
            }
        }
    }
}