{
    "display": {
        "icon": {
            "item": "minecraft:shield",
			"nbt": "{BlockEntityTag:{Base:15,Patterns:[{Pattern:bts,Color:14},{Pattern:mc,Color:14},{Pattern:cre,Color:0},{Pattern:ts,Color:0},{Pattern:cbo,Color:0},{Pattern:cr,Color:0}]}}"
        },
        "title": {"translate":"Fire Blast Shield"},
        "description": {"translate":"Block the explosion of a ghast's fireball"}
    },
    "parent": "blazeandcave:nether/giant_floating_jellyfish",
	"rewards": {
		"function": "bc_rewards:nether/fire_blast_shield"
    },
    "criteria": {
        "deflected_explosion": {
            "trigger": "minecraft:entity_hurt_player",
            "conditions": {
                "damage": {
                    "blocked": true,
					"source_entity": {
						"type": "ghast"
					}
                }
            }
        }
    }
}