{
    "display": {
        "icon": {
            "item": "minecraft:gunpowder"
        },
        "title": {"translate":"Giant Floating Jellyfish"},
        "description": {"translate":"Shoot down a ghast"}
    },
    "parent": "minecraft:nether/root",
    "rewards": {
        "function": "bc_rewards:nether/giant_floating_jellyfish"
    },		
    "criteria": {
        "ghast": {
            "trigger": "minecraft:player_killed_entity",
            "conditions": {
                "entity": {
                    "type": "ghast"
                }
            }
        }
    }
}