{
    "display": {
        "icon": {
            "item": "minecraft:spectral_arrow"
        },
        "title": {"translate":"Glows in the Dark"},
        "description": {"translate":"Shoot a mob with a spectral arrow"}
    },
    "parent": "blazeandcave:nether/seeing_stars",
	"rewards": {
		"function": "bc_rewards:nether/glows_in_the_dark"
    },	
    "criteria": {
        "spectral_arrow": {
            "trigger": "minecraft:player_hurt_entity",
            "conditions": {
                "damage": {
                    "type": {
                        "is_projectile": true,
                        "direct_entity": {
                            "type": "minecraft:spectral_arrow"
                        }
                    }
                }
            }
        }
    }
}