{
    "display": {
        "icon": {
            "item": "minecraft:magma_cream"
        },
        "title": {"translate":"High Temperature Fluid Monster"},
        "description": {"translate":"Kill a magma cube"}
    },
    "parent": "blazeandcave:nether/the_tribal_snouts",
    "rewards": {
        "function": "bc_rewards:nether/high_temperature_fluid_monster"
    },		
    "criteria": {
        "magma_cube": {
            "trigger": "minecraft:player_killed_entity",
            "conditions": {
                "entity": {
                    "type": "magma_cube"
                }
            }
        }
    }
}