{
    "display": {
        "icon": {
            "item": "minecraft:bedrock"
        },
        "title": {"translate":"Limbo Walker"},
        "description": {"translate":"Get above the roof in the nether"},
        "frame": "goal"
    },
    "parent": "blazeandcave:nether/dont_step_on_it",
    "rewards": {
		"experience": 100,
        "function": "bc_rewards:nether/limbo_walker"
    },		
    "criteria": {
        "world_height": {
            "trigger": "minecraft:location",
            "conditions": {
				"dimension": "the_nether",
				"position": {
					"y": {
						"min": 128.0
					}
				}
            }
        }	
    }
}