{
    "display": {
        "icon": {
            "item": "minecraft:soul_sand"
        },
        "title": {"translate":"Quicksand"},
        "description": {"translate":"You sink like quicksand and move slow like mud"}
    },
    "parent": "minecraft:nether/root",
	"rewards": {
		"function": "bc_rewards:nether/quicksand"
    },		
    "criteria": {
        "soul_sand": {
            "trigger": "minecraft:enter_block",
            "conditions": {
                "block": "minecraft:soul_sand"
            }
        }
    }
}