{
    "display": {
        "icon": {
            "item": "minecraft:shield",
			"nbt": "{BlockEntityTag:{Base:4,Patterns:[{Pattern:cre,Color:15},{Pattern:cr,Color:1},{Pattern:hhb,Color:12},{Pattern:tt,Color:1},{Pattern:gru,Color:1}]}}"
        },
        "title": {"translate":"The Nether's Shield"},
        "description": {"translate":"Block some blaze fireballs"}
    },
    "parent": "minecraft:nether/obtain_blaze_rod",
	"rewards": {
		"function": "bc_rewards:nether/the_nethers_shield"
    },
    "criteria": {
        "deflected_fireball": {
            "trigger": "minecraft:entity_hurt_player",
            "conditions": {
                "damage": {
                    "blocked": true,
					"direct_entity": {
						"type": "small_fireball"
					},
					"source_entity": {
						"type": "blaze",
						"distance": {
							"absolute": {
								"min": 3.0
							}
						}
					}
                }
            }
        }
    }
}