{
    "display": {
        "icon": {
            "item": "minecraft:bone"
        },
        "title": {"translate":"The Hunt Begins"},
        "description": {"translate":"Kill a wither skeleton"}
    },
    "parent": "minecraft:nether/find_fortress",
    "rewards": {
        "function": "bc_rewards:nether/the_hunt_begins"
    },		
    "criteria": {
        "wither_skeleton": {
            "trigger": "minecraft:player_killed_entity",
            "conditions": {
                "entity": {
                    "type": "wither_skeleton"
                }
            }
        }
    }
}