{
    "display": {
        "icon": {
            "item": "minecraft:dragon_breath"
        },
        "title": {"translate":"You Need a Mint"},
        "description": {"translate":"Collect dragon's breath in a glass bottle"}
    },
    "parent": "minecraft:end/root",
	"rewards": {
		"function": "bc_rewards:end/you_need_a_mint"
    },	
    "criteria": {
        "dragon_breath": {
            "trigger": "minecraft:inventory_changed",
            "conditions": {
                "items": [
                    {
                        "item": "minecraft:dragon_breath"
                    }
                ]
            }
        }
    }
}