{
    "display": {
        "icon": {
            "item": "minecraft:dragon_head"
        },
        "title": {"translate":"Free the End"},
        "description": {"translate":"Good luck"}
    },
    "parent": "minecraft:end/root",
	"rewards": {
		"function": "bc_rewards:end/free_the_end"
    },	
    "criteria": {
        "killed_dragon": {
            "trigger": "minecraft:player_killed_entity",
            "conditions": {
                "entity": {
                    "type": "ender_dragon"
                }
            }
        }
    }
}