{
    "display": {
        "icon": {
            "item": "minecraft:shulker_shell"
        },
        "title": {"translate":"Great View From Up Here"},
        "description": {"translate":"Levitate up a distance of 50 metres"},
        "frame": "challenge"
    },
    "parent": "blazeandcave:end/shulker_breaker",
	"rewards": {
        "experience": 50,
		"function": "bc_rewards:end/great_view_from_up_here"
    },	
    "criteria": {
        "levitated": {
            "trigger": "minecraft:levitation",
            "conditions": {
                "distance": {
                    "y": {
                        "min": 50
                    }
                }
            }
        }
    }
}