{
    "display": {
        "icon": {
            "item": "minecraft:diamond_block"
        },
        "title": {"translate":"Diamond Miner"},
        "description": {"translate":"Mine a stack of diamonds. Good luck!"},
		"frame": "goal"
    },
    "parent": "blazeandcave:mining/diamond_clad",
    "rewards": {
		"function": "bc_rewards:mining/diamond_miner"
    },		
    "criteria": {
        "diamond": {
            "trigger": "minecraft:inventory_changed",
            "conditions": {
                "items": [
                    {
                        "item": "minecraft:diamond",
						"count": 64
                    }
                ]
            }
        }
    }
}