{
    "display": {
        "icon": {
            "item": "minecraft:cobweb"
        },
        "title": {"translate":"Eeuuwww!"},
        "description": {"translate":"Get stuck in a cobweb"}
    },
    "parent": "blazeandcave:mining/this_is_mine_now",
	"rewards": {
		"function": "bc_rewards:mining/eeuuwww"
    },
    "criteria": {
        "cobweb": {
            "trigger": "minecraft:enter_block",
            "conditions": {
                "block": "minecraft:cobweb"
            }
        }
    }
}