{
    "display": {
        "icon": {
            "item": "minecraft:gravel"
        },
        "title": {"translate":"My work here is done"},
        "description": {"translate":"Get caught in a cave-in of gravel"},
		"hidden": "true"
    },
    "parent": "blazeandcave:mining/spelunker",
	"rewards": {
		"function": "bc_rewards:mining/my_work_here_is_done"
    },
    "criteria": {
        "enter_gravel": {
            "trigger": "minecraft:enter_block",
            "conditions": {
                "block": "minecraft:gravel"
            }
        }
    }
}