{
    "display": {
        "icon": {
            "item": "minecraft:obsidian"
        },
        "title": {"translate":"Obsidian Miner"},
        "description": {"translate":"Mine a stack of obsidian. (This might take a while...)"},
		"frame": "goal"
    },
    "parent": "minecraft:story/enter_the_nether",
    "rewards": {
		"experience": 50,	
		"function": "bc_rewards:mining/obsidian_miner"
    },		
    "criteria": {
        "obsidian": {
            "trigger": "minecraft:inventory_changed",
            "conditions": {
                "items": [
                    {
                        "item": "minecraft:obsidian",
						"count": 64
                    }
                ]
            }
        }
    }
}