{
    "display": {
        "icon": {
            "item": "minecraft:bedrock"
        },
        "title": {"translate":"Rock Bottom"},
        "description": {"translate":"Dig down to the bottom of the world"},
        "frame": "goal"
    },
    "parent": "minecraft:story/iron_tools",
    "rewards": {
		"experience": 50,
        "function": "bc_rewards:mining/rock_bottom"
    },		
    "criteria": {
        "bedrock_level": {
            "trigger": "minecraft:location",
            "conditions": {
				"position": {
					"y": {
						"max": 5.5
					}
				}
            }
        }	
    }
}