{
    "display": {
        "icon": {
            "item": "minecraft:chainmail_helmet"
        },
        "title": {"translate":"Spelunker"},
        "description": {"translate":"Enter a cave"}
    },
    "parent": "minecraft:story/mine_stone",
	"rewards": {
		"function": "bc_rewards:mining/spelunker"
    },
    "criteria": {
        "enter_water": {
            "trigger": "minecraft:enter_block",
            "conditions": {
                "block": "minecraft:cave_air"
            }
        }
    }
}