{
    "display": {
        "icon": {
            "item": "minecraft:diamond_sword"
        },
        "title": {"translate":"Stabcraft"},
        "description": {"translate":"Do you like my sword sword"}
    },
    "parent": "blazeandcave:mining/iconic_merchandising_prop",
    "rewards": {
		"function": "bc_rewards:mining/stabcraft"
    },			
    "criteria": {
        "diamond_sword": {
            "trigger": "minecraft:inventory_changed",
            "conditions": {
                "items": [
                    {
                        "item": "minecraft:diamond_sword"
                    }
                ]
            }
        }
    }
}