{
    "display": {
        "icon": {
            "item": "minecraft:clock"
        },
        "title": {"translate":"What's the time, Mr Wolf?"},
        "description": {"translate":"Time to clean your clocks! (Or, craft them!)"}
    },
    "parent": "blazeandcave:mining/the_way_to_spawn",
    "rewards": {
		"function": "bc_rewards:mining/whats_the_time_mr_wolf"
    },		
    "criteria": {
        "clock": {
            "trigger": "minecraft:inventory_changed",
            "conditions": {
                "items": [
                    {
                        "item": "minecraft:clock"
                    }
                ]
            }
        }
    }
}