{
    "display": {
        "icon": {
            "item": "minecraft:glass_bottle"
        },
        "title": {"translate":"A Much More Doable Challenge"},
        "description": {"translate":"Get all the effects possible during your life (not all at the same time)"},
		"frame": "challenge"
    },
    "parent": "minecraft:nether/all_potions",
    "rewards": {
		"experience": 200,
		"function": "bc_rewards:potion/a_much_more_doable_challenge"
    },		
    "criteria": {
        "speed": {
            "trigger": "minecraft:effects_changed",
            "conditions": {
                "effects": {
                    "minecraft:speed": {}
                }
            }
        },
        "slowness": {
            "trigger": "minecraft:effects_changed",
            "conditions": {
                "effects": {
                    "minecraft:slowness": {}
                }
            }
        },
        "strength": {
            "trigger": "minecraft:effects_changed",
            "conditions": {
                "effects": {
                    "minecraft:strength": {}
                }
            }
        },
        "jump_boost": {
            "trigger": "minecraft:effects_changed",
            "conditions": {
                "effects": {
                    "minecraft:jump_boost": {}
                }
            }
        },
        "regeneration": {
            "trigger": "minecraft:effects_changed",
            "conditions": {
                "effects": {
                    "minecraft:regeneration": {}
                }
            }
        },
        "fire_resistance": {
            "trigger": "minecraft:effects_changed",
            "conditions": {
                "effects": {
                    "minecraft:fire_resistance": {}
                }
            }
        },
        "water_breathing": {
            "trigger": "minecraft:effects_changed",
            "conditions": {
                "effects": {
                    "minecraft:water_breathing": {}
                }
            }
        },
        "invisibility": {
            "trigger": "minecraft:effects_changed",
            "conditions": {
                "effects": {
                    "minecraft:invisibility": {}
                }
            }
        },
        "night_vision": {
            "trigger": "minecraft:effects_changed",
            "conditions": {
                "effects": {
                    "minecraft:night_vision": {}
                }
            }
        },
        "weakness": {
            "trigger": "minecraft:effects_changed",
            "conditions": {
                "effects": {
                    "minecraft:weakness": {}
                }
            }
        },
        "poison": {
            "trigger": "minecraft:effects_changed",
            "conditions": {
                "effects": {
                    "minecraft:poison": {}
                }
            }
        },
        "wither": {
            "trigger": "minecraft:effects_changed",
            "conditions": {
                "effects": {
                    "minecraft:wither": {}
                }
            }
        },
        "haste": {
            "trigger": "minecraft:effects_changed",
            "conditions": {
                "effects": {
                    "minecraft:haste": {}
                }
            }
        },
        "mining_fatigue": {
            "trigger": "minecraft:effects_changed",
            "conditions": {
                "effects": {
                    "minecraft:mining_fatigue": {}
                }
            }
        },
        "levitation": {
            "trigger": "minecraft:effects_changed",
            "conditions": {
                "effects": {
                    "minecraft:levitation": {}
                }
            }
        },
        "glowing": {
            "trigger": "minecraft:effects_changed",
            "conditions": {
                "effects": {
                    "minecraft:glowing": {}
                }
            }
        },
        "absorption": {
            "trigger": "minecraft:effects_changed",
            "conditions": {
                "effects": {
                    "minecraft:absorption": {}
                }
            }
        },
        "hunger": {
            "trigger": "minecraft:effects_changed",
            "conditions": {
                "effects": {
                    "minecraft:hunger": {}
                }
            }
        },		
        "nausea": {
            "trigger": "minecraft:effects_changed",
            "conditions": {
                "effects": {
                    "minecraft:nausea": {}
                }
            }
        },
        "resistance": {
            "trigger": "minecraft:effects_changed",
            "conditions": {
                "effects": {
                    "minecraft:resistance": {}
                }
            }
        },
        "slow_falling": {
            "trigger": "minecraft:effects_changed",
            "conditions": {
                "effects": {
                    "minecraft:slow_falling": {}
                }
            }
        },
        "conduit_power": {
            "trigger": "minecraft:effects_changed",
            "conditions": {
                "effects": {
                    "minecraft:conduit_power": {}
                }
            }
        },
        "dolphins_grace": {
            "trigger": "minecraft:effects_changed",
            "conditions": {
                "effects": {
                    "minecraft:dolphins_grace": {}
                }
            }
        }
    }
}