{
    "display": {
        "icon": {
            "item": "minecraft:fermented_spider_eye"
        },
        "title": {"translate":"A Weak Brew"},
        "description": {"translate":"Brew up a potion of Weakness"}
    },
    "parent": "blazeandcave:potion/super_strength",
	"rewards": {
		"function": "bc_rewards:potion/a_weak_brew"
    },	
    "criteria": {
        "potion": {
            "trigger": "minecraft:brewed_potion",
            "conditions": {
                "potion": "minecraft:weakness"
            }
        }
    }
}