{
    "display": {
        "icon": {
            "item": "minecraft:splash_potion",
			"nbt": "{Potion:\"minecraft:harming\"}"
        },
        "title": {"translate":"Death by Magic"},
        "description": {"translate":"Kill a mob with a splash potion"}
    },
    "parent": "blazeandcave:potion/root",
	"rewards": {
		"function": "bc_rewards:potion/death_by_magic"
    },	
    "criteria": {
        "kill_magic": {
            "trigger": "minecraft:player_killed_entity",
            "conditions": {
				"killing_blow": {
					"is_magic": "true",
					"direct_entity": {
						"type": "minecraft:potion"
					}
				}
            }
        }
    }
}