{
    "display": {
        "icon": {
            "item": "minecraft:glistering_melon_slice"
        },
        "title": {"translate":"Medic!"},
        "description": {"translate":"Brew a healing potion"}
    },
    "parent": "blazeandcave:potion/root",
	"rewards": {
		"function": "bc_rewards:potion/i_need_healing"
    },	
    "criteria": {
        "speed_potion": {
            "trigger": "minecraft:brewed_potion",
            "conditions": {
                "potion": "minecraft:healing"
            }
        }
    }
}