{
    "display": {
        "icon": {
            "item": "minecraft:golden_carrot"
        },
        "title": {"translate":"Nocturnal"},
        "description": {"translate":"Brew and drink a night vision potion"}
    },
    "parent": "blazeandcave:potion/hyper_healing",
	"rewards": {
		"function": "bc_rewards:potion/nocturnal"
    },	
    "criteria": {
        "night_vision": {
            "trigger": "minecraft:effects_changed",
            "conditions": {
                "effects": {
                    "minecraft:night_vision": {}
                }
            }
        }
    }
}