{
    "display": {
        "icon": {
            "item": "minecraft:potion"
        },
        "title": {"translate":"Potions"},
        "description": {"translate":"Brewing potions with helpful and hindering effects"},
		"background": "minecraft:textures/block/glowstone.png",
        "show_toast": false,
        "announce_to_chat": false		
    },
	"rewards": {
		"function": "bc_rewards:potion/root"
    },	
    "criteria": {
        "potion": {
            "trigger": "minecraft:brewed_potion"
        }
    }
}