{
    "display": {
        "icon": {
            "item": "minecraft:blaze_powder"
        },
        "title": {"translate":"Super Strength"},
        "description": {"translate":"Brew a Strength Potion for cheating on weightlifting"}
    },
    "parent": "blazeandcave:potion/performance_enhancing_drugs",
	"rewards": {
		"function": "bc_rewards:potion/super_strength"
    },	
    "criteria": {
        "strength": {
            "trigger": "minecraft:brewed_potion",
            "conditions": {
                "potion": "minecraft:strength"
            }
        }
    }
}