{
    "display": {
        "icon": {
            "item": "minecraft:structure_void"
        },
        "title": {"translate":"The Invisible Player"},
        "description": {"translate":"Brew and drink an invisibility potion"}
    },
    "parent": "blazeandcave:potion/nocturnal",
	"rewards": {
		"function": "bc_rewards:potion/the_invisible_player"
    },	
    "criteria": {
        "invisibility": {
            "trigger": "minecraft:effects_changed",
            "conditions": {
                "effects": {
                    "minecraft:invisibility": {}
                }
            }
        }
    }
}