{
    "display": {
        "icon": {
            "item": "minecraft:phantom_membrane"
        },
        "title": {"translate":"True Feather Falling"},
        "description": {"translate":"Brew and drink a slow falling potion"}
    },
    "parent": "blazeandcave:potion/the_invisible_player",
	"rewards": {
		"function": "bc_rewards:potion/true_feather_falling"
    },	
    "criteria": {
        "slow_falling": {
            "trigger": "minecraft:effects_changed",
            "conditions": {
                "effects": {
                    "minecraft:slow_falling": {}
                }
            }
        }
    }
}