{
    "display": {
        "icon": {
            "item": "minecraft:egg"
        },
        "title": {"translate":"Egging, Dude!"},
        "description": {"translate":"Vandalise something with eggs"}
    },
    "parent": "blazeandcave:animal/so_good",
    "rewards": {
        "function": "bc_rewards:animal/egging_dude"
    },		
    "criteria": {
        "egg": {
            "trigger": "minecraft:player_hurt_entity",
            "conditions": {
                "damage": {
                    "type": {
                        "is_projectile": true,
                        "direct_entity": {
                            "type": "minecraft:egg"
                        }
                    }
                }
            }
        }
    }
}