{
    "display": {
        "icon": {
            "item": "minecraft:wheat_seeds"
        },
        "title": {"translate":"Feeding the §mDucks§r Chickens"},
        "description": {"translate":"Breed chickens by feeding them seeds"}
    },
    "parent": "blazeandcave:animal/egging_dude",
	"rewards": {
		"function": "bc_rewards:animal/feeding_the_chickens"
    },		
    "criteria": {
        "chicken": {
            "trigger": "minecraft:bred_animals",
            "conditions": {
				"parent": {
					"type": "minecraft:chicken"
				},
				"partner": {
					"type": "minecraft:chicken"
				}
            }
        }
    }
}