{
    "display": {
        "icon": {
            "item": "minecraft:ocelot_spawn_egg"
        },
        "title": {"translate":"If only cats grew into kittens"},
        "description": {"translate":"Breed two cats together to get a kitty!"}
    },
    "parent": "blazeandcave:animal/lion_tamer",
	"rewards": {
		"function": "bc_rewards:animal/if_only_cats_grew_into_kittens"
    },		
    "criteria": {
        "ocelot": {
            "trigger": "minecraft:bred_animals",
            "conditions": {
				"parent": {
					"type": "minecraft:ocelot"
				},
				"partner": {
					"type": "minecraft:ocelot"
				}
            }
        }
    }
}