{
    "display": {
        "icon": {
            "item": "minecraft:light_blue_wool"
        },
        "title": {"translate":"Rainbow Collection"},
        "description": {"translate":"Gather all 16 colors of wool"},
		"frame": "goal"
    },
    "parent": "blazeandcave:animal/sheariously",
    "rewards": {
        "experience": 50,
		"function": "bc_rewards:animal/rainbow_collection"
    },		
    "criteria": {
        "white_wool": {
            "trigger": "minecraft:inventory_changed",
            "conditions": {
                "items": [
                    {
                        "item": "minecraft:white_wool"
                    }
                ]
            }
        },
        "orange_wool": {
            "trigger": "minecraft:inventory_changed",
            "conditions": {
                "items": [
                    {
                        "item": "minecraft:orange_wool"
                    }
                ]
            }
        },
        "magenta_wool": {
            "trigger": "minecraft:inventory_changed",
            "conditions": {
                "items": [
                    {
                        "item": "minecraft:magenta_wool"
                    }
                ]
            }
        },
        "light_blue_wool": {
            "trigger": "minecraft:inventory_changed",
            "conditions": {
                "items": [
                    {
                        "item": "minecraft:light_blue_wool"
                    }
                ]
            }
        },
        "yellow_wool": {
            "trigger": "minecraft:inventory_changed",
            "conditions": {
                "items": [
                    {
                        "item": "minecraft:yellow_wool"
                    }
                ]
            }
        },
        "lime_wool": {
            "trigger": "minecraft:inventory_changed",
            "conditions": {
                "items": [
                    {
                        "item": "minecraft:lime_wool"
                    }
                ]
            }
        },
        "pink_wool": {
            "trigger": "minecraft:inventory_changed",
            "conditions": {
                "items": [
                    {
                        "item": "minecraft:pink_wool"
                    }
                ]
            }
        },
        "gray_wool": {
            "trigger": "minecraft:inventory_changed",
            "conditions": {
                "items": [
                    {
                        "item": "minecraft:gray_wool"
                    }
                ]
            }
        },
        "light_gray_wool": {
            "trigger": "minecraft:inventory_changed",
            "conditions": {
                "items": [
                    {
                        "item": "minecraft:light_gray_wool"
                    }
                ]
            }
        },
        "cyan_wool": {
            "trigger": "minecraft:inventory_changed",
            "conditions": {
                "items": [
                    {
                        "item": "minecraft:cyan_wool"
                    }
                ]
            }
        },
        "purple_wool": {
            "trigger": "minecraft:inventory_changed",
            "conditions": {
                "items": [
                    {
                        "item": "minecraft:purple_wool"
                    }
                ]
            }
        },
        "blue_wool": {
            "trigger": "minecraft:inventory_changed",
            "conditions": {
                "items": [
                    {
                        "item": "minecraft:blue_wool"
                    }
                ]
            }
        },
        "brown_wool": {
            "trigger": "minecraft:inventory_changed",
            "conditions": {
                "items": [
                    {
                        "item": "minecraft:brown_wool"
                    }
                ]
            }
        },
        "green_wool": {
            "trigger": "minecraft:inventory_changed",
            "conditions": {
                "items": [
                    {
                        "item": "minecraft:green_wool"
                    }
                ]
            }
        },
        "red_wool": {
            "trigger": "minecraft:inventory_changed",
            "conditions": {
                "items": [
                    {
                        "item": "minecraft:red_wool"
                    }
                ]
            }
        },
        "black_wool": {
            "trigger": "minecraft:inventory_changed",
            "conditions": {
                "items": [
                    {
                        "item": "minecraft:black_wool"
                    }
                ]
            }
        }
    }
}