{
    "display": {
        "icon": {
            "item": "minecraft:fishing_rod",
			"nbt": "{Enchantments:[{id:\"minecraft:unbreaking\",lvl:1}]}"
        },
        "title": {"translate":"Totally not an AFK fisher!"},
        "description": {"translate":"Fish out all types of items"},
		"frame": "challenge"
    },
    "parent": "blazeandcave:animal/someones_been_here_before",
	"rewards": {
		"experience": 100,	
		"function": "bc_rewards:animal/totally_not_an_afk_fisher"
    },		
    "criteria": {
        "cod": {
            "trigger": "minecraft:fishing_rod_hooked",
            "conditions": {
                "item":
                {
                    "item": "minecraft:cod"
                }
            }
        },
        "salmon": {
            "trigger": "minecraft:fishing_rod_hooked",
            "conditions": {
                "item":
                {
                    "item": "minecraft:salmon"
                }
            }
        },
        "pufferfish": {
            "trigger": "minecraft:fishing_rod_hooked",
            "conditions": {
                "item":
                {
                    "item": "minecraft:pufferfish"
                }
            }
        },
        "tropical_fish": {
            "trigger": "minecraft:fishing_rod_hooked",
            "conditions": {
                "item":
                {
                    "item": "minecraft:tropical_fish"
                }
            }
        },		
        "bowl": {
            "trigger": "minecraft:fishing_rod_hooked",
            "conditions": {
                "item":
                {
                    "item": "minecraft:bowl"
                }
            }
        },
        "leather": {
            "trigger": "minecraft:fishing_rod_hooked",
            "conditions": {
                "item":
                {
                    "item": "minecraft:leather"
                }
            }
        },
        "leather_boots": {
            "trigger": "minecraft:fishing_rod_hooked",
            "conditions": {
                "item":
                {
                    "item": "minecraft:leather_boots"
                }
            }
        },
        "rotten_flesh": {
            "trigger": "minecraft:fishing_rod_hooked",
            "conditions": {
                "item":
                {
                    "item": "minecraft:rotten_flesh"
                }
            }
        },
        "stick": {
            "trigger": "minecraft:fishing_rod_hooked",
            "conditions": {
                "item":
                {
                    "item": "minecraft:stick"
                }
            }
        },
        "string": {
            "trigger": "minecraft:fishing_rod_hooked",
            "conditions": {
                "item":
                {
                    "item": "minecraft:string"
                }
            }
        },
        "potion": {
            "trigger": "minecraft:fishing_rod_hooked",
            "conditions": {
                "item":
                {
                    "item": "minecraft:potion"
                }
            }
        },
        "bone": {
            "trigger": "minecraft:fishing_rod_hooked",
            "conditions": {
                "item":
                {
                    "item": "minecraft:bone"
                }
            }
        },
        "ink_sac": {
            "trigger": "minecraft:fishing_rod_hooked",
            "conditions": {
                "item":
                {
                    "item": "minecraft:ink_sac"
                }
            }
        },
        "tripwire_hook": {
            "trigger": "minecraft:fishing_rod_hooked",
            "conditions": {
                "item":
                {
                    "item": "minecraft:tripwire_hook"
                }
            }
        },
        "bow": {
            "trigger": "minecraft:fishing_rod_hooked",
            "conditions": {
                "item":
                {
                    "item": "minecraft:bow"
                }
            }
        },
        "enchanted_book": {
            "trigger": "minecraft:fishing_rod_hooked",
            "conditions": {
                "item":
                {
                    "item": "minecraft:enchanted_book"
                }
            }
        },
        "name_tag": {
            "trigger": "minecraft:fishing_rod_hooked",
            "conditions": {
                "item":
                {
                    "item": "minecraft:name_tag"
                }
            }
        },
        "nautilus_shell": {
            "trigger": "minecraft:fishing_rod_hooked",
            "conditions": {
                "item":
                {
                    "item": "minecraft:nautilus_shell"
                }
            }
        },
        "saddle": {
            "trigger": "minecraft:fishing_rod_hooked",
            "conditions": {
                "item":
                {
                    "item": "minecraft:saddle"
                }
            }
        },
        "lily_pad": {
            "trigger": "minecraft:fishing_rod_hooked",
            "conditions": {
                "item":
                {
                    "item": "minecraft:lily_pad"
                }
            }
        },
        "fishing_rod": {
            "trigger": "minecraft:fishing_rod_hooked",
            "conditions": {
                "item":
                {
                    "item": "minecraft:fishing_rod"
                }
            }
        }			
    }
}