{
    "display": {
        "icon": {
            "item": "minecraft:mushroom_stew"
        },
        "title": {"translate":"Mushroom, Mushroom, Mushroom, Mushroom!"},
        "description": {"translate":"Slurp some mushroom stew"}
    },
    "parent": "blazeandcave:farming/shrooms",
	"rewards": {
		"function": "bc_rewards:farming/mushroom_mushroom_mushroom_mushroom"
    },		
    "criteria": {
        "mushroom_stew": {
            "trigger": "minecraft:consume_item",
            "conditions": {
                "item": {
                    "item": "minecraft:mushroom_stew"
                }
            }
        }
    }
}