{
    "display": {
        "icon": {
            "item": "minecraft:hay_block"
        },
        "title": {"translate":"Farming"},
        "description": {"translate":"Hoe hoe hoe!"},
		"background": "minecraft:textures/gui/advancements/backgrounds/husbandry.png",
        "show_toast": false,
        "announce_to_chat": false
    },
	"rewards": {
		"function": "bc_rewards:farming/root"
    },		
    "criteria": {
        "wooden_hoe": {
            "trigger": "minecraft:inventory_changed",
            "conditions": {
                "items": [
                    {
                        "item": "minecraft:wooden_hoe"
                    }
                ]
            }
        },
        "stone_hoe": {
            "trigger": "minecraft:inventory_changed",
            "conditions": {
                "items": [
                    {
                        "item": "minecraft:stone_hoe"
                    }
                ]
            }
        },
        "iron_hoe": {
            "trigger": "minecraft:inventory_changed",
            "conditions": {
                "items": [
                    {
                        "item": "minecraft:iron_hoe"
                    }
                ]
            }
        },
        "diamond_hoe": {
            "trigger": "minecraft:inventory_changed",
            "conditions": {
                "items": [
                    {
                        "item": "minecraft:diamond_hoe"
                    }
                ]
            }
        },
        "golden_hoe": {
            "trigger": "minecraft:inventory_changed",
            "conditions": {
                "items": [
                    {
                        "item": "minecraft:golden_hoe"
                    }
                ]
            }
        }
    },
    "requirements": [
		[
        "wooden_hoe",
        "stone_hoe",
		"iron_hoe",
		"diamond_hoe",
		"golden_hoe"
		]
    ]
}