{
    "display": {
        "icon": {
            "item": "minecraft:melon_slice"
        },
        "title": {"translate":"The Melon! The Melon! The Melon!"},
        "description": {"translate":"Eat a melon. Be careful not to drop it over a cliff"}
    },
    "parent": "minecraft:husbandry/plant_seed",
	"rewards": {
		"function": "bc_rewards:farming/the_melon_the_melon_the_melon"
    },		
    "criteria": {
        "melon": {
            "trigger": "minecraft:consume_item",
            "conditions": {
                "item": {
                    "item": "minecraft:melon_slice"
                }
            }
        }
    }
}