{
    "display": {
        "icon": {
            "item": "minecraft:light_weighted_pressure_plate"
        },
        "title": {"translate":"Bling Plate"},
        "description": {"translate":"Dine in style! (No, not really)"}
    },
    "parent": "blazeandcave:redstone/metal_plate",
	"rewards": {
		"function": "bc_rewards:redstone/bling_plate"
    },
    "criteria": {
        "light_weighted_pressure_plate": {
            "trigger": "minecraft:inventory_changed",
            "conditions": {
                "items": [
                    {
                        "item": "minecraft:light_weighted_pressure_plate"
                    }
                ]
            }
        }
    }
}