{
    "display": {
        "icon": {
            "item": "minecraft:comparator"
        },
        "title": {"translate":"Comparing Comparator"},
        "description": {"translate":"Craft a redstone comparator"}
    },
    "parent": "blazeandcave:redstone/quirky_quartz",
	"rewards": {
		"function": "bc_rewards:redstone/comparing_comparator"
    },	
    "criteria": {
        "comparator": {
            "trigger": "minecraft:inventory_changed",
            "conditions": {
                "items": [
                    {
                        "item": "minecraft:comparator"
                    }
                ]
            }
        }
    }
}