{
    "display": {
        "icon": {
            "item": "minecraft:dispenser"
        },
        "title": {"translate":"Dispense With This"},
        "description": {"translate":"Construct a dispenser"}
    },
    "parent": "blazeandcave:redstone/space_dropper",
    "rewards": {
		"function": "bc_rewards:redstone/dispense_with_this"
    },			
    "criteria": {
        "dispenser": {
            "trigger": "minecraft:inventory_changed",
            "conditions": {
                "items": [
                    {
                        "item": "minecraft:dispenser"
                    }
                ]
            }
        }
    }
}