{
    "display": {
        "icon": {
            "item": "minecraft:heavy_weighted_pressure_plate"
        },
        "title": {"translate":"Metal Plate"},
        "description": {"translate":"Dinner time!"}
    },
    "parent": "blazeandcave:redstone/pressure_detector",
	"rewards": {
		"function": "bc_rewards:redstone/metal_plate"
    },
    "criteria": {
        "heavy_weighted_pressure_plate": {
            "trigger": "minecraft:inventory_changed",
            "conditions": {
                "items": [
                    {
                        "item": "minecraft:heavy_weighted_pressure_plate"
                    }
                ]
            }
        }
    }
}