{
    "display": {
        "icon": {
            "item": "minecraft:minecart"
        },
        "title": {"translate":"On A Rail"},
        "description": {"translate":"Craft a minecart using five iron ingots"}
    },
    "parent": "blazeandcave:redstone/root",
    "rewards": {
		"function": "bc_rewards:redstone/on_a_rail"
    },		
    "criteria": {
        "minecart": {
            "trigger": "minecraft:inventory_changed",
            "conditions": {
                "items": [
                    {
                        "item": "minecraft:minecart"
                    }
                ]
            }
        }
    }
}