{
    "display": {
        "icon": {
            "item": "minecraft:repeater"
        },
        "title": {"translate":"Repeating Repeater"},
        "description": {"translate":"Craft a redstone repeater for delaying signals"}
    },
    "parent": "blazeandcave:redstone/powerful_light",
	"rewards": {
		"function": "bc_rewards:redstone/repeating_repeater"
    },
    "criteria": {
        "repeater": {
            "trigger": "minecraft:inventory_changed",
            "conditions": {
                "items": [
                    {
                        "item": "minecraft:repeater"
                    }
                ]
            }
        }
    }
}