{
    "display": {
        "icon": {
            "item": "minecraft:daylight_detector"
        },
        "title": {"translate":"Solar Power"},
        "description": {"translate":"Craft a daylight sensor"}
    },
    "parent": "blazeandcave:redstone/comparing_comparator",
	"rewards": {
		"function": "bc_rewards:redstone/solar_power"
    },	
    "criteria": {
        "daylight_detector": {
            "trigger": "minecraft:inventory_changed",
            "conditions": {
                "items": [
                    {
                        "item": "minecraft:daylight_detector"
                    }
                ]
            }
        }
    }
}