{
    "display": {
        "icon": {
            "item": "minecraft:hopper"
        },
        "title": {"translate":"Space Hopper"},
        "description": {"translate":"Craft a hopper for item transportation"}
    },
    "parent": "blazeandcave:redstone/root",
	"rewards": {
		"function": "bc_rewards:redstone/space_hopper"
    },
    "criteria": {
        "hopper": {
            "trigger": "minecraft:inventory_changed",
            "conditions": {
                "items": [
                    {
                        "item": "minecraft:hopper"
                    }
                ]
            }
        }
    }
}