{
    "display": {
        "icon": {
            "item": "minecraft:sticky_piston"
        },
        "title": {"translate":"Sticky Parts"},
        "description": {"translate":"Craft a sticky piston so you can pull things"}
    },
    "parent": "blazeandcave:redstone/moving_parts",
	"rewards": {
		"function": "bc_rewards:redstone/sticky_parts"
    },
    "criteria": {
        "sticky_piston": {
            "trigger": "minecraft:inventory_changed",
            "conditions": {
                "items": [
                    {
                        "item": "minecraft:sticky_piston"
                    }
                ]
            }
        }
    }
}