{
    "display": {
        "icon": {
            "item": "minecraft:tripwire_hook"
        },
        "title": {"translate":"Tripping Over"},
        "description": {"translate":"Craft a tripwire hook for your traps"}
    },
    "parent": "blazeandcave:redstone/root",
	"rewards": {
		"function": "bc_rewards:redstone/tripping_over"
    },
    "criteria": {
        "tripwire_hook": {
            "trigger": "minecraft:inventory_changed",
            "conditions": {
                "items": [
                    {
                        "item": "minecraft:tripwire_hook"
                    }
                ]
            }
        }
    }
}