{
    "display": {
        "icon": {
            "item": "minecraft:stone_pressure_plate"
        },
        "title": {"translate":"Under Pressure"},
        "description": {"translate":"Craft a pressure plate"}
    },
    "parent": "blazeandcave:redstone/root",
	"rewards": {
		"function": "bc_rewards:redstone/under_pressure"
    },
    "criteria": {
        "oak_pressure_plate": {
            "trigger": "minecraft:inventory_changed",
            "conditions": {
                "items": [
                    {
                        "item": "minecraft:oak_pressure_plate"
                    }
                ]
            }
        },
        "spruce_pressure_plate": {
            "trigger": "minecraft:inventory_changed",
            "conditions": {
                "items": [
                    {
                        "item": "minecraft:spruce_pressure_plate"
                    }
                ]
            }
        },
        "birch_pressure_plate": {
            "trigger": "minecraft:inventory_changed",
            "conditions": {
                "items": [
                    {
                        "item": "minecraft:birch_pressure_plate"
                    }
                ]
            }
        },
        "jungle_pressure_plate": {
            "trigger": "minecraft:inventory_changed",
            "conditions": {
                "items": [
                    {
                        "item": "minecraft:jungle_pressure_plate"
                    }
                ]
            }
        },
        "acacia_pressure_plate": {
            "trigger": "minecraft:inventory_changed",
            "conditions": {
                "items": [
                    {
                        "item": "minecraft:acacia_pressure_plate"
                    }
                ]
            }
        },
        "dark_oak_pressure_plate": {
            "trigger": "minecraft:inventory_changed",
            "conditions": {
                "items": [
                    {
                        "item": "minecraft:dark_oak_pressure_plate"
                    }
                ]
            }
        },		
        "stone_pressure_plate": {
            "trigger": "minecraft:inventory_changed",
            "conditions": {
                "items": [
                    {
                        "item": "minecraft:stone_pressure_plate"
                    }
                ]
            }
        }
    },
    "requirements": [
		[
        "oak_pressure_plate",
		"spruce_pressure_plate",
		"birch_pressure_plate",
		"jungle_pressure_plate",
		"acacia_pressure_plate",
		"dark_oak_pressure_plate",
        "stone_pressure_plate"
		]
    ]	
}