{
    "display": {
        "icon": {
            "item": "minecraft:end_stone_bricks"
        },
        "title": {"translate":"End Bricks!"},
        "description": {"translate":"Craft end bricks from end stone"}
    },
    "parent": "minecraft:end/root",
	"rewards": {
		"function": "bc_rewards:end/end_bricks"
    },	
    "criteria": {
        "end_stone_bricks": {
            "trigger": "minecraft:inventory_changed",
            "conditions": {
                "items": [
                    {
                        "item": "minecraft:end_stone_bricks"
                    }
                ]
            }
        }
    }
}