{
    "display": {
        "icon": {
            "item": "minecraft:shulker_box"
        },
        "title": {"translate":"For Mother, Clarence"},
        "description": {"translate":"Kill a shulker"}
    },
    "parent": "minecraft:end/find_end_city",
    "rewards": {
        "function": "bc_rewards:nether/for_mother_clarence"
    },		
    "criteria": {
        "shulker": {
            "trigger": "minecraft:player_killed_entity",
            "conditions": {
                "entity": {
                    "type": "shulker"
                }
            }
        }
    }
}