{
    "display": {
        "icon": {
            "item": "minecraft:tipped_arrow",
			"nbt": "{Potion:\"minecraft:regeneration\"}"
        },
        "title": {"translate":"Furious Ammunition"},
        "description": {"translate":"Craft every type of tipped arrow"},
		"frame": "challenge"
    },
    "parent": "blazeandcave:end/poison_dart",
	"rewards": {
		"function": "bc_rewards:end/furious_ammunition"
    },	
    "criteria": {
        "thick": {
            "trigger": "minecraft:inventory_changed",
            "conditions": {
                "items": [
                    {
                        "item": "minecraft:tipped_arrow",
						"potion": "minecraft:thick"
                    }
                ]
            }
        },
        "mundane": {
            "trigger": "minecraft:inventory_changed",
            "conditions": {
                "items": [
                    {
                        "item": "minecraft:tipped_arrow",
						"potion": "minecraft:mundane"
                    }
                ]
            }
        },
        "awkward": {
            "trigger": "minecraft:inventory_changed",
            "conditions": {
                "items": [
                    {
                        "item": "minecraft:tipped_arrow",
						"potion": "minecraft:awkward"
                    }
                ]
            }
        },		
        "night_vision": {
            "trigger": "minecraft:inventory_changed",
            "conditions": {
                "items": [
                    {
                        "item": "minecraft:tipped_arrow",
						"potion": "minecraft:night_vision"
                    }
                ]
            }
        },
        "long_night_vision": {
            "trigger": "minecraft:inventory_changed",
            "conditions": {
                "items": [
                    {
                        "item": "minecraft:tipped_arrow",
						"potion": "minecraft:long_night_vision"
                    }
                ]
            }
        },	
        "invisibility": {
            "trigger": "minecraft:inventory_changed",
            "conditions": {
                "items": [
                    {
                        "item": "minecraft:tipped_arrow",
						"potion": "minecraft:invisibility"
                    }
                ]
            }
        },
        "long_invisibility": {
            "trigger": "minecraft:inventory_changed",
            "conditions": {
                "items": [
                    {
                        "item": "minecraft:tipped_arrow",
						"potion": "minecraft:long_invisibility"
                    }
                ]
            }
        },	
        "leaping": {
            "trigger": "minecraft:inventory_changed",
            "conditions": {
                "items": [
                    {
                        "item": "minecraft:tipped_arrow",
						"potion": "minecraft:leaping"
                    }
                ]
            }
        },		
        "long_leaping": {
            "trigger": "minecraft:inventory_changed",
            "conditions": {
                "items": [
                    {
                        "item": "minecraft:tipped_arrow",
						"potion": "minecraft:long_leaping"
                    }
                ]
            }
        },
        "strong_leaping": {
            "trigger": "minecraft:inventory_changed",
            "conditions": {
                "items": [
                    {
                        "item": "minecraft:tipped_arrow",
						"potion": "minecraft:strong_leaping"
                    }
                ]
            }
        },
        "fire_resistance": {
            "trigger": "minecraft:inventory_changed",
            "conditions": {
                "items": [
                    {
                        "item": "minecraft:tipped_arrow",
						"potion": "minecraft:fire_resistance"
                    }
                ]
            }
        },		
        "long_fire_resistance": {
            "trigger": "minecraft:inventory_changed",
            "conditions": {
                "items": [
                    {
                        "item": "minecraft:tipped_arrow",
						"potion": "minecraft:long_fire_resistance"
                    }
                ]
            }
        },	
        "swiftness": {
            "trigger": "minecraft:inventory_changed",
            "conditions": {
                "items": [
                    {
                        "item": "minecraft:tipped_arrow",
						"potion": "minecraft:swiftness"
                    }
                ]
            }
        },		
        "long_swiftness": {
            "trigger": "minecraft:inventory_changed",
            "conditions": {
                "items": [
                    {
                        "item": "minecraft:tipped_arrow",
						"potion": "minecraft:long_swiftness"
                    }
                ]
            }
        },
        "strong_swiftness": {
            "trigger": "minecraft:inventory_changed",
            "conditions": {
                "items": [
                    {
                        "item": "minecraft:tipped_arrow",
						"potion": "minecraft:strong_swiftness"
                    }
                ]
            }
        },		
        "slowness": {
            "trigger": "minecraft:inventory_changed",
            "conditions": {
                "items": [
                    {
                        "item": "minecraft:tipped_arrow",
						"potion": "minecraft:slowness"
                    }
                ]
            }
        },		
        "long_slowness": {
            "trigger": "minecraft:inventory_changed",
            "conditions": {
                "items": [
                    {
                        "item": "minecraft:tipped_arrow",
						"potion": "minecraft:long_slowness"
                    }
                ]
            }
        },		
        "water_breathing": {
            "trigger": "minecraft:inventory_changed",
            "conditions": {
                "items": [
                    {
                        "item": "minecraft:tipped_arrow",
						"potion": "minecraft:water_breathing"
                    }
                ]
            }
        },		
        "long_water_breathing": {
            "trigger": "minecraft:inventory_changed",
            "conditions": {
                "items": [
                    {
                        "item": "minecraft:tipped_arrow",
						"potion": "minecraft:long_water_breathing"
                    }
                ]
            }
        },		
        "healing": {
            "trigger": "minecraft:inventory_changed",
            "conditions": {
                "items": [
                    {
                        "item": "minecraft:tipped_arrow",
						"potion": "minecraft:healing"
                    }
                ]
            }
        },		
        "strong_healing": {
            "trigger": "minecraft:inventory_changed",
            "conditions": {
                "items": [
                    {
                        "item": "minecraft:tipped_arrow",
						"potion": "minecraft:strong_healing"
                    }
                ]
            }
        },		
        "harming": {
            "trigger": "minecraft:inventory_changed",
            "conditions": {
                "items": [
                    {
                        "item": "minecraft:tipped_arrow",
						"potion": "minecraft:harming"
                    }
                ]
            }
        },		
        "strong_harming": {
            "trigger": "minecraft:inventory_changed",
            "conditions": {
                "items": [
                    {
                        "item": "minecraft:tipped_arrow",
						"potion": "minecraft:strong_harming"
                    }
                ]
            }
        },		
        "normal_poison": {
            "trigger": "minecraft:inventory_changed",
            "conditions": {
                "items": [
                    {
                        "item": "minecraft:tipped_arrow",
						"potion": "minecraft:poison"
                    }
                ]
            }
        },		
        "long_poison": {
            "trigger": "minecraft:inventory_changed",
            "conditions": {
                "items": [
                    {
                        "item": "minecraft:tipped_arrow",
						"potion": "minecraft:long_poison"
                    }
                ]
            }
        },
        "strong_poison": {
            "trigger": "minecraft:inventory_changed",
            "conditions": {
                "items": [
                    {
                        "item": "minecraft:tipped_arrow",
						"potion": "minecraft:strong_poison"
                    }
                ]
            }
        },
        "regeneration": {
            "trigger": "minecraft:inventory_changed",
            "conditions": {
                "items": [
                    {
                        "item": "minecraft:tipped_arrow",
						"potion": "minecraft:regeneration"
                    }
                ]
            }
        },		
        "long_regeneration": {
            "trigger": "minecraft:inventory_changed",
            "conditions": {
                "items": [
                    {
                        "item": "minecraft:tipped_arrow",
						"potion": "minecraft:long_regeneration"
                    }
                ]
            }
        },
        "strong_regeneration": {
            "trigger": "minecraft:inventory_changed",
            "conditions": {
                "items": [
                    {
                        "item": "minecraft:tipped_arrow",
						"potion": "minecraft:strong_regeneration"
                    }
                ]
            }
        },	
        "strength": {
            "trigger": "minecraft:inventory_changed",
            "conditions": {
                "items": [
                    {
                        "item": "minecraft:tipped_arrow",
						"potion": "minecraft:strength"
                    }
                ]
            }
        },		
        "long_strength": {
            "trigger": "minecraft:inventory_changed",
            "conditions": {
                "items": [
                    {
                        "item": "minecraft:tipped_arrow",
						"potion": "minecraft:long_strength"
                    }
                ]
            }
        },
        "strong_strength": {
            "trigger": "minecraft:inventory_changed",
            "conditions": {
                "items": [
                    {
                        "item": "minecraft:tipped_arrow",
						"potion": "minecraft:strong_strength"
                    }
                ]
            }
        },	
        "weakness": {
            "trigger": "minecraft:inventory_changed",
            "conditions": {
                "items": [
                    {
                        "item": "minecraft:tipped_arrow",
						"potion": "minecraft:weakness"
                    }
                ]
            }
        },		
        "long_weakness": {
            "trigger": "minecraft:inventory_changed",
            "conditions": {
                "items": [
                    {
                        "item": "minecraft:tipped_arrow",
						"potion": "minecraft:long_weakness"
                    }
                ]
            }
        },	
        "turtle_master": {
            "trigger": "minecraft:inventory_changed",
            "conditions": {
                "items": [
                    {
                        "item": "minecraft:tipped_arrow",
						"potion": "minecraft:turtle_master"
                    }
                ]
            }
        },		
        "long_turtle_master": {
            "trigger": "minecraft:inventory_changed",
            "conditions": {
                "items": [
                    {
                        "item": "minecraft:tipped_arrow",
						"potion": "minecraft:long_turtle_master"
                    }
                ]
            }
        },
        "strong_turtle_master": {
            "trigger": "minecraft:inventory_changed",
            "conditions": {
                "items": [
                    {
                        "item": "minecraft:tipped_arrow",
						"potion": "minecraft:strong_turtle_master"
                    }
                ]
            }
        },		
        "slow_falling": {
            "trigger": "minecraft:inventory_changed",
            "conditions": {
                "items": [
                    {
                        "item": "minecraft:tipped_arrow",
						"potion": "minecraft:slow_falling"
                    }
                ]
            }
        },		
        "long_slow_falling": {
            "trigger": "minecraft:inventory_changed",
            "conditions": {
                "items": [
                    {
                        "item": "minecraft:tipped_arrow",
						"potion": "minecraft:long_slow_falling"
                    }
                ]
            }
        }	
    }
}