{
    "display": {
        "icon": {
            "item": "minecraft:chorus_fruit"
        },
        "title": {"translate":"Getting Chorus"},
        "description": {"translate":"Attack a chorus tree until it collapses"}
    },
    "parent": "minecraft:end/enter_end_gateway",
	"rewards": {
		"function": "bc_rewards:end/getting_chorus"
    },	
    "criteria": {
        "chorus_fruit": {
            "trigger": "minecraft:inventory_changed",
            "conditions": {
                "items": [
                    {
                        "item": "minecraft:chorus_fruit"
                    }
                ]
            }
        }
    }
}