{
    "display": {
        "icon": {
            "item": "minecraft:lingering_potion",
			"nbt": "{Potion:\"minecraft:poison\"}"
        },
        "title": {"translate":"Noxious Fumes"},
        "description": {"translate":"Use dragon's breath to brew a lingering potion"}
    },
    "parent": "minecraft:end/dragon_breath",
	"rewards": {
		"function": "bc_rewards:end/noxious_fumes"
    },	
    "criteria": {
        "lingering_potion": {
            "trigger": "minecraft:inventory_changed",
            "conditions": {
                "items": [
                    {
                        "item": "minecraft:lingering_potion"
                    }
                ]
            }
        }
    }
}