{
    "display": {
        "icon": {
            "item": "minecraft:purpur_pillar"
        },
        "title": {"translate":"Purpurfect!"},
        "description": {"translate":"Craft or collect purpur blocks, slabs, pillars and stairs"}
    },
    "parent": "blazeandcave:end/extrabiologist",
    "rewards": {
        "function": "bc_rewards:building/purpurfect"
    },		
    "criteria": {
        "purpur_block": {
            "trigger": "minecraft:inventory_changed",
            "conditions": {
                "items": [
                    {
                        "item": "minecraft:purpur_block"
                    }
                ]
            }
        },
        "purpur_pillar": {
            "trigger": "minecraft:inventory_changed",
            "conditions": {
                "items": [
                    {
                        "item": "minecraft:purpur_pillar"
                    }
                ]
            }
        },
		"purpur_slab": {
            "trigger": "minecraft:inventory_changed",
            "conditions": {
                "items": [
                    {
                        "item": "minecraft:purpur_slab"
                    }
                ]
            }
        },
        "purpur_stairs": {
            "trigger": "minecraft:inventory_changed",
            "conditions": {
                "items": [
                    {
                        "item": "minecraft:purpur_stairs"
                    }
                ]
            }
        }
	}		
}